web-scraper-order,web-scraper-start-url,album_link,album_link-href,download_link,download_link-href,artist,title
"1648561590-121","https://pandacd.io/index.php?order_by=seeders&page=15","","https://pandacd.io/release/111-underground-jazz/","Download","https://pandacd.io/index.php?p=release&action=download&id=203","Marvu","Marvu – Underground Jazz [2010] [EP]"
"1648561672-158","https://pandacd.io/index.php?order_by=seeders&page=14","","https://pandacd.io/release/16-turning/","Download","https://pandacd.io/index.php?p=release&action=download&id=33","Is World","Is World – Turning [2010] [EP]"
"1648561586-119","https://pandacd.io/index.php?order_by=seeders&page=15","","https://pandacd.io/release/116-and-stars-collide/","Download","https://pandacd.io/index.php?p=release&action=download&id=214","...And Stars Collide","...And Stars Collide – ...And Stars Collide [2008] [EP]"
"1648561565-110","https://pandacd.io/index.php?order_by=seeders&page=16","","https://pandacd.io/release/134-sun/","Download","https://pandacd.io/index.php?p=release&action=download&id=246","Sadsic","Sadsic – [sun] [2009] [EP]"
"1648561949-278","https://pandacd.io/index.php?order_by=seeders&page=9","","https://pandacd.io/release/210-rome/","Download","https://pandacd.io/index.php?p=release&action=download&id=420","Boreals","Boreals – Rome [2011] [EP]"
"1648561813-218","https://pandacd.io/index.php?order_by=seeders&page=11","","https://pandacd.io/release/345-yr-sucha-deck/","Download","https://pandacd.io/index.php?p=release&action=download&id=721","Decks","Decks – Yr Sucha Deck [2011] [EP]"
"1648561765-197","https://pandacd.io/index.php?order_by=seeders&page=12","","https://pandacd.io/release/376-seatraffic/","Download","https://pandacd.io/index.php?p=release&action=download&id=813","Seatraffic","Seatraffic – Seatraffic [2011] [EP]"
"1648561947-277","https://pandacd.io/index.php?order_by=seeders&page=9","","https://pandacd.io/release/211-awake-in-sleep/","Download","https://pandacd.io/index.php?p=release&action=download&id=423","Awake in Sleep","Awake in Sleep – Awake in Sleep [2011] [EP]"
"1648561883-250","https://pandacd.io/index.php?order_by=seeders&page=10","","https://pandacd.io/release/255-belly-of-the-beast/","Download","https://pandacd.io/index.php?p=release&action=download&id=537","Howth","Howth – Belly of the Beast [2011] [Single]"
"1648562053-303","https://pandacd.io/index.php?order_by=seeders&page=8","","https://pandacd.io/release/156-in-june-stems/","Download","https://pandacd.io/index.php?p=release&action=download&id=293","Casey LaLonde","Casey LaLonde – In June (Stems) [2010] [Stems]"
"1648561763-196","https://pandacd.io/index.php?order_by=seeders&page=12","","https://pandacd.io/release/377-everything-was/","Download","https://pandacd.io/index.php?p=release&action=download&id=816","Efflorescent","Efflorescent – Everything Was [2011] [EP]"
"1648561901-258","https://pandacd.io/index.php?order_by=seeders&page=10","","https://pandacd.io/release/239-live-on-903-krnu/","Download","https://pandacd.io/index.php?p=release&action=download&id=502","Great American Desert","Great American Desert – Live on 90.3 KRNU [2011] [Live album]"
"1648562049-301","https://pandacd.io/index.php?order_by=seeders&page=8","","https://pandacd.io/release/158-seasons-part-1/","Download","https://pandacd.io/index.php?p=release&action=download&id=299","The Echelon Effect","The Echelon Effect – Seasons Part 1 [2011] [Album]"
"1648561868-243","https://pandacd.io/index.php?order_by=seeders&page=10","","https://pandacd.io/release/285-skeletons/","Download","https://pandacd.io/index.php?p=release&action=download&id=588","Crystal Boys","Crystal Boys – Skeletons [2011] [Album]"
"1648561601-126","https://pandacd.io/index.php?order_by=seeders&page=15","","https://pandacd.io/release/74-somnolence/","Download","https://pandacd.io/index.php?p=release&action=download&id=149","Zhe Nhir","Zhe Nhir – Somnolence [2009] [EP]"
"1648562096-321","https://pandacd.io/index.php?order_by=seeders&page=7","","https://pandacd.io/release/728-horizons/","Download","https://pandacd.io/index.php?p=release&action=download&id=1715","Panda Dub","Panda Dub – Horizons [2019] [Album]"
"1648561627-138","https://pandacd.io/index.php?order_by=seeders&page=15","","https://pandacd.io/release/53-headgeared/","Download","https://pandacd.io/index.php?p=release&action=download&id=114","Nobody Wave","Nobody Wave – Headgeared [2010] [Album]"
"1648561648-147","https://pandacd.io/index.php?order_by=seeders&page=14","","https://pandacd.io/release/41-wilderness/","Download","https://pandacd.io/index.php?p=release&action=download&id=89","Josh Mease","Josh Mease – Wilderness [2009] [Album]"
"1648561563-109","https://pandacd.io/index.php?order_by=seeders&page=16","","https://pandacd.io/release/135-birthday/","Download","https://pandacd.io/index.php?p=release&action=download&id=248","Sadsic","Sadsic – [birthday] [2009] [EP]"
"1648561907-261","https://pandacd.io/index.php?order_by=seeders&page=10","","https://pandacd.io/release/236-dry-land/","Download","https://pandacd.io/index.php?p=release&action=download&id=492","The Distnce","The Distnce – Dry Land [2011] [Single]"
"1648561595-123","https://pandacd.io/index.php?order_by=seeders&page=15","","https://pandacd.io/release/105-vendaface/","Download","https://pandacd.io/index.php?p=release&action=download&id=193","Chris Zabriskie","Chris Zabriskie – Vendaface [2010] [Album]"
"1648561717-177","https://pandacd.io/index.php?order_by=seeders&page=13","","https://pandacd.io/release/438-campus/","Download","https://pandacd.io/index.php?p=release&action=download&id=986","JKD","JKD – campus [2012] [EP]"
"1648561825-224","https://pandacd.io/index.php?order_by=seeders&page=11","","https://pandacd.io/release/333-demo-to-london-bw-coma-dos-45/","null","null","Handgrenades","Handgrenades – Demo to London b/w Coma Dos 45 [1979] [EP]"
"1648561941-274","https://pandacd.io/index.php?order_by=seeders&page=9","","https://pandacd.io/release/218-skin-to-soil/","Download","https://pandacd.io/index.php?p=release&action=download&id=441","Wet Wings","Wet Wings – Skin to Soil [2010] [EP]"
"1648561666-155","https://pandacd.io/index.php?order_by=seeders&page=14","","https://pandacd.io/release/25-%d1%82%d1%8a%d0%b9-%d0%b1%d0%bb%d0%b8%d0%b7%d0%ba%d0%be-%d0%b4%d0%be-%d1%81%d0%b0%d0%bc%d0%b8%d1%8f-%d0%bd%d0%b5%d0%b1%d0%be%d1%81%d0%b2%d0%be%d0%b4-so-close-to-the-sky-itself/","Download","https://pandacd.io/index.php?p=release&action=download&id=52","Velislav Ivanov","Velislav Ivanov – Тъй близко до самия небосвод (So close to the sky itself) [2008] [Album]"
"1648561888-252","https://pandacd.io/index.php?order_by=seeders&page=10","","https://pandacd.io/release/250-wild-you/","Download","https://pandacd.io/index.php?p=release&action=download&id=526","My bubba & Mi","My bubba & Mi – Wild & You [2011] [EP]"
"1648561657-151","https://pandacd.io/index.php?order_by=seeders&page=14","","https://pandacd.io/release/35-distorted-minds/","Download","https://pandacd.io/index.php?p=release&action=download&id=74","Adore","Adore – Distorted Minds [2010] [Album]"
"1648561661-153","https://pandacd.io/index.php?order_by=seeders&page=14","","https://pandacd.io/release/31-go-go-gadget-grass-stains/","Download","https://pandacd.io/index.php?p=release&action=download&id=68","Squanto","Squanto – Go Go Gadget Grass Stains [2009] [Album]"
"1648561793-210","https://pandacd.io/index.php?order_by=seeders&page=12","","https://pandacd.io/release/356-the-secret-deity/","Download","https://pandacd.io/index.php?p=release&action=download&id=756","Tortilla Pass","Tortilla Pass – The Secret Deity [2012] [EP]"
"1648561646-146","https://pandacd.io/index.php?order_by=seeders&page=14","","https://pandacd.io/release/42-delicious-jams/","Download","https://pandacd.io/index.php?p=release&action=download&id=91","Boatrocker","Boatrocker – Delicious Jams [2011] [Album]"
"1648561743-189","https://pandacd.io/index.php?order_by=seeders&page=13","","https://pandacd.io/release/388-i-thought-you-were-drone/","Download","https://pandacd.io/index.php?p=release&action=download&id=848","UV Tourist","UV Tourist – I Thought You Were Drone [2011] [EP]"
"1648561892-254","https://pandacd.io/index.php?order_by=seeders&page=10","","https://pandacd.io/release/247-dead-bear-mountain/","Download","https://pandacd.io/index.php?p=release&action=download&id=519","Oven Rake","Oven Rake – Dead Bear Mountain [2010] [Album]"
"1648561828-225","https://pandacd.io/index.php?order_by=seeders&page=11","","https://pandacd.io/release/329-wolves/","Download","https://pandacd.io/index.php?p=release&action=download&id=682","Holmes","Holmes – Wolves [2008] [Album]"
"1648561945-276","https://pandacd.io/index.php?order_by=seeders&page=9","","https://pandacd.io/release/212-seasons-part-2/","Download","https://pandacd.io/index.php?p=release&action=download&id=426","The Echelon Effect","The Echelon Effect – Seasons Part 2 [2011] [Album]"
"1648561715-176","https://pandacd.io/index.php?order_by=seeders&page=13","","https://pandacd.io/release/440-symbol-2/","Download","https://pandacd.io/index.php?p=release&action=download&id=993","Sadsic","Sadsic – Symbol 2 [2012] [Album]"
"1648561802-214","https://pandacd.io/index.php?order_by=seeders&page=12","","https://pandacd.io/release/351-archngl/","Download","https://pandacd.io/index.php?p=release&action=download&id=740","ARCHNGL","ARCHNGL with Liisa Lagoun – ARCHNGL [2011] [EP]"
"1648561787-207","https://pandacd.io/index.php?order_by=seeders&page=12","","https://pandacd.io/release/360-rogue/","Download","https://pandacd.io/index.php?p=release&action=download&id=772","Adey","Adey – Rogue [2011] [Album]"
"1648562006-282","https://pandacd.io/index.php?order_by=seeders&page=9","","https://pandacd.io/release/205-from-the-attic/","Download","https://pandacd.io/index.php?p=release&action=download&id=407","You Me and The People","You Me and The People – From the Attic [2011] [Demo]"
"1648562032-293","https://pandacd.io/index.php?order_by=seeders&page=8","","https://pandacd.io/release/186-float/","Download","https://pandacd.io/index.php?p=release&action=download&id=360","Judd Madden","Judd Madden – Float [2011] [Album]"
"1648561886-251","https://pandacd.io/index.php?order_by=seeders&page=10","","https://pandacd.io/release/252-amnesty/","Download","https://pandacd.io/index.php?p=release&action=download&id=532","Asylum Voyage","Asylum Voyage – Amnesty [2011] [EP]"
"1648561782-205","https://pandacd.io/index.php?order_by=seeders&page=12","","https://pandacd.io/release/363-inca-gold-iii/","Download","https://pandacd.io/index.php?p=release&action=download&id=777","Inca Gold","Inca Gold – Inca Gold III [2012] [EP]"
"1648561689-166","https://pandacd.io/index.php?order_by=seeders&page=14","","https://pandacd.io/release/7-arecibo/","Download","https://pandacd.io/index.php?p=release&action=download&id=14","Neff & Kenney","Neff & Kenney with Leviathan Jones – Arecibo [2010] [Album]"
"1648561791-209","https://pandacd.io/index.php?order_by=seeders&page=12","","https://pandacd.io/release/357-ilme/","Download","https://pandacd.io/index.php?p=release&action=download&id=759","Kalle Kaasinen","Kalle Kaasinen – ILME [2011] [EP]"
"1648562036-295","https://pandacd.io/index.php?order_by=seeders&page=8","","https://pandacd.io/release/182-in-sound-underground/","Download","https://pandacd.io/index.php?p=release&action=download&id=352","Hijos de Mayo","Hijos de Mayo – In Sound Underground [2011] [Album]"
"1648561943-275","https://pandacd.io/index.php?order_by=seeders&page=9","","https://pandacd.io/release/217-songs-from-the-green-house/","Download","https://pandacd.io/index.php?p=release&action=download&id=438","Creepers","Creepers – Songs From the Green House [2011] [EP]"
"1648562094-320","https://pandacd.io/index.php?order_by=seeders&page=7","","https://pandacd.io/release/729-burnett-street/","Download","https://pandacd.io/index.php?p=release&action=download&id=1737","Luke Seymoup","Luke Seymoup – Burnett Street [2018] [EP]"
"1648561834-228","https://pandacd.io/index.php?order_by=seeders&page=11","","https://pandacd.io/release/323-dust-particle/","Download","https://pandacd.io/index.php?p=release&action=download&id=671","mote.","mote. – dust particle [2012] [EP]"
"1648561704-171","https://pandacd.io/index.php?order_by=seeders&page=13","","https://pandacd.io/release/691-discography/","null","null","YBSR","YBSR – Discography [2016] [Compilation]"
"1648561847-234","https://pandacd.io/index.php?order_by=seeders&page=11","","https://pandacd.io/release/308-labhits-2011/","Download","https://pandacd.io/index.php?p=release&action=download&id=643","Labbed","Labbed – Labhits 2011 [2012] [Album]"
"1648561741-188","https://pandacd.io/index.php?order_by=seeders&page=13","","https://pandacd.io/release/390-bear-baiting/","Download","https://pandacd.io/index.php?p=release&action=download&id=852","Bear Baiting","Bear Baiting – Bear Baiting [2011] [EP]"
"1648562068-310","https://pandacd.io/index.php?order_by=seeders&page=8","","https://pandacd.io/release/28-woahbots-and-people/","Download","https://pandacd.io/index.php?p=release&action=download&id=59","Sledding With Tigers","Sledding With Tigers – WOAHbots! (And People) [2009] [Album]"
"1648561537-97","https://pandacd.io/index.php?order_by=seeders&page=16","","https://pandacd.io/release/270-the-other-space-stories/","Download","https://pandacd.io/index.php?p=release&action=download&id=559","Burdeos","Burdeos – The Other Space Stories [2011] [Remix]"
"1648561739-187","https://pandacd.io/index.php?order_by=seeders&page=13","","https://pandacd.io/release/396-mukraker/","Download","https://pandacd.io/index.php?p=release&action=download&id=872","Conveyor","Conveyor – Mukraker [2012] [Single]"
"1648562014-286","https://pandacd.io/index.php?order_by=seeders&page=9","","https://pandacd.io/release/199-tie-ja-vaeltaja/","Download","https://pandacd.io/index.php?p=release&action=download&id=389","Aavepyörä","Aavepyörä – Tie ja vaeltaja [2008] [Album]"
"1648561772-200","https://pandacd.io/index.php?order_by=seeders&page=12","","https://pandacd.io/release/372-the-last-stretch-in-this-direction/","Download","https://pandacd.io/index.php?p=release&action=download&id=800","Nostalgic Story","Nostalgic Story – The Last Stretch In This Direction [2011] [Album]"
"1648562092-319","https://pandacd.io/index.php?order_by=seeders&page=7","","https://pandacd.io/release/730-hand-me-downs/","Download","https://pandacd.io/index.php?p=release&action=download&id=1741","Luke Seymoup","Luke Seymoup – Hand-Me-Downs [2018] [Single]"
"1648562038-296","https://pandacd.io/index.php?order_by=seeders&page=8","","https://pandacd.io/release/179-of-clouds/","Download","https://pandacd.io/index.php?p=release&action=download&id=345","wecollectskies","wecollectskies – Of Clouds [2011] [EP]"
"1648561614-132","https://pandacd.io/index.php?order_by=seeders&page=15","","https://pandacd.io/release/66-this-is-peculiar/","Download","https://pandacd.io/index.php?p=release&action=download&id=135","equalszee","equalszee – This is Peculiar [2009] [EP]"
"1648562001-280","https://pandacd.io/index.php?order_by=seeders&page=9","","https://pandacd.io/release/207-a-gaze-into-the-abyss/","Download","https://pandacd.io/index.php?p=release&action=download&id=413","Nevermind the Name","Nevermind the Name – A Gaze into the Abyss [2011] [Album]"
"1648561864-241","https://pandacd.io/index.php?order_by=seeders&page=10","","https://pandacd.io/release/288-sledding-with-tigerskids-split/","Download","https://pandacd.io/index.php?p=release&action=download&id=595","KIDS.","KIDS. and Sledding With Tigers – Sledding With Tigers/KIDS. Split [2011] [Album]"
"1648562090-318","https://pandacd.io/index.php?order_by=seeders&page=7","","https://pandacd.io/release/731-pokegods/","Download","https://pandacd.io/index.php?p=release&action=download&id=1750","Luke Seymoup","Luke Seymoup – Poke'Gods [2019] [EP]"
"1648561928-268","https://pandacd.io/index.php?order_by=seeders&page=9","","https://pandacd.io/release/226-tides/","Download","https://pandacd.io/index.php?p=release&action=download&id=464","Clouds as Oceans","Clouds as Oceans – TIDES [2011] [EP]"
"1648561683-163","https://pandacd.io/index.php?order_by=seeders&page=14","","https://pandacd.io/release/10-moving-down-motions/","Download","https://pandacd.io/index.php?p=release&action=download&id=20","ch4rl33","ch4rl33 – Moving Down Motions [2009] [Album]"
"1648561678-161","https://pandacd.io/index.php?order_by=seeders&page=14","","https://pandacd.io/release/12-the-way/","Download","https://pandacd.io/index.php?p=release&action=download&id=23","ch4rl33","ch4rl33 – The Way [2010] [Album]"
"1648561593-122","https://pandacd.io/index.php?order_by=seeders&page=15","","https://pandacd.io/release/107-mushrooms/","null","null","Proviant Audio","Proviant Audio – Mushrooms [2009] [Album]"
"1648562066-309","https://pandacd.io/index.php?order_by=seeders&page=8","","https://pandacd.io/release/140-the-last-season/","Download","https://pandacd.io/index.php?p=release&action=download&id=256","Consciousness Removal Project","Consciousness Removal Project – The Last Season [2011] [Album]"
"1648561573-114","https://pandacd.io/index.php?order_by=seeders&page=16","","https://pandacd.io/release/127-gotta-do-what-you-gotta-do-hometown-remix/","null","null","MC Skatty","MC Skatty and MC Whizzkid – Gotta Do What You Gotta Do (Hometown Remix) [2011] [Remix]"
"1648561631-140","https://pandacd.io/index.php?order_by=seeders&page=15","","https://pandacd.io/release/51-in-reference-to-something-forgotten/","Download","https://pandacd.io/index.php?p=release&action=download&id=110","Guppies","Guppies – In Reference to Something Forgotten [2009] [Album]"
"1648561879-248","https://pandacd.io/index.php?order_by=seeders&page=10","","https://pandacd.io/release/273-fall-apart/","Download","https://pandacd.io/index.php?p=release&action=download&id=564","Athletes","Athletes – Fall Apart [2011] [Single]"
"1648561862-240","https://pandacd.io/index.php?order_by=seeders&page=10","","https://pandacd.io/release/292-musicophilia/","Download","https://pandacd.io/index.php?p=release&action=download&id=601","Synthcake","Synthcake – Musicophilia [2011] [EP]"
"1648561932-270","https://pandacd.io/index.php?order_by=seeders&page=9","","https://pandacd.io/release/224-headlights/","Download","https://pandacd.io/index.php?p=release&action=download&id=458","Mon Petit Chou Chou","Mon Petit Chou Chou – Headlights [2010] [EP]"
"1648561633-141","https://pandacd.io/index.php?order_by=seeders&page=15","","https://pandacd.io/release/50-butter/","Download","https://pandacd.io/index.php?p=release&action=download&id=108","Seb","Seb – Butter [2011] [EP]"
"1648561709-173","https://pandacd.io/index.php?order_by=seeders&page=13","","https://pandacd.io/release/522-prompt/","Download","https://pandacd.io/index.php?p=release&action=download&id=1354","Flembaz","Flembaz – Prompt [2013] [EP]"
"1648561580-117","https://pandacd.io/index.php?order_by=seeders&page=16","","https://pandacd.io/release/118-narcotic-lion/","Download","https://pandacd.io/index.php?p=release&action=download&id=217","Addae Dans","Addae Dans – Narcotic Lion [2011] [EP]"
"1648561554-105","https://pandacd.io/index.php?order_by=seeders&page=16","","https://pandacd.io/release/163-three-cheers-for-the-firing-squad/","Download","https://pandacd.io/index.php?p=release&action=download&id=309","Swamp","Swamp – Three Cheers for the Firing Squad [2011] [EP]"
"1648561840-231","https://pandacd.io/index.php?order_by=seeders&page=11","","https://pandacd.io/release/319-darkling-i-listen/","Download","https://pandacd.io/index.php?p=release&action=download&id=660","The Black Atlantic","The Black Atlantic – Darkling, I Listen [2012] [EP]"
"1648561603-127","https://pandacd.io/index.php?order_by=seeders&page=15","","https://pandacd.io/release/72-zhe-end-is-nhir/","Download","https://pandacd.io/index.php?p=release&action=download&id=146","Zhe Nhir","Zhe Nhir – Zhe End is Nhir [2009] [Album]"
"1648561532-95","https://pandacd.io/index.php?order_by=seeders&page=16","","https://pandacd.io/release/307-theory-of-everything/","Download","https://pandacd.io/index.php?p=release&action=download&id=640","null","Various Artists – Theory Of Everything [2012] [Compilation]"
"1648561539-98","https://pandacd.io/index.php?order_by=seeders&page=16","","https://pandacd.io/release/213-b-now/","Download","https://pandacd.io/index.php?p=release&action=download&id=429","Sadsic","Sadsic – [b. now] [2011] [EP]"
"1648561618-134","https://pandacd.io/index.php?order_by=seeders&page=15","","https://pandacd.io/release/60-the-amorist/","Download","https://pandacd.io/index.php?p=release&action=download&id=126","The Amorist","The Amorist – The Amorist [2010] [EP]"
"1648562085-316","https://pandacd.io/index.php?order_by=seeders&page=7","","https://pandacd.io/release/735-uke-seymoup/","Download","https://pandacd.io/index.php?p=release&action=download&id=1733","Luke Seymoup","Luke Seymoup – Uke Seymoup [2018] [EP]"
"1648561898-257","https://pandacd.io/index.php?order_by=seeders&page=10","","https://pandacd.io/release/240-glitch-piano/","Download","https://pandacd.io/index.php?p=release&action=download&id=504","Torley","Torley – Glitch Piano [2011] [Album]"
"1648561620-135","https://pandacd.io/index.php?order_by=seeders&page=15","","https://pandacd.io/release/58-grey-buried/","Download","https://pandacd.io/index.php?p=release&action=download&id=122","Drunken Barn Dance","Drunken Barn Dance – Grey Buried [2010] [Album]"
"1648561877-247","https://pandacd.io/index.php?order_by=seeders&page=10","","https://pandacd.io/release/279-b-forever/","Download","https://pandacd.io/index.php?p=release&action=download&id=572","Sadsic","Sadsic – [b. forever] [2011] [EP]"
"1648561726-181","https://pandacd.io/index.php?order_by=seeders&page=13","","https://pandacd.io/release/427-greenhouse/","Download","https://pandacd.io/index.php?p=release&action=download&id=965","Edamame","Edamame with Drew Major and Rachael Braun – Greenhouse [2012] [Album]"
"1648561919-264","https://pandacd.io/index.php?order_by=seeders&page=9","","https://pandacd.io/release/231-turn-off-your-television/","Download","https://pandacd.io/index.php?p=release&action=download&id=478","Turn off your television","Turn off your television – Turn off your television [2011] [Album]"
"1648561770-199","https://pandacd.io/index.php?order_by=seeders&page=12","","https://pandacd.io/release/374-winchester/","Download","https://pandacd.io/index.php?p=release&action=download&id=807","Disassembling Rainbows","Disassembling Rainbows – Winchester [2011] [Album]"
"1648561713-175","https://pandacd.io/index.php?order_by=seeders&page=13","","https://pandacd.io/release/441-land/","Download","https://pandacd.io/index.php?p=release&action=download&id=996","Miners Club","Miners Club – LAND [2012] [Album]"
"1648561938-273","https://pandacd.io/index.php?order_by=seeders&page=9","","https://pandacd.io/release/221-hiatus/","Download","https://pandacd.io/index.php?p=release&action=download&id=449","Fire Spoken by the Buffalo","Fire Spoken by the Buffalo – Hiatus [2011] [Album]"
"1648561778-203","https://pandacd.io/index.php?order_by=seeders&page=12","","https://pandacd.io/release/367-domino-tones/","Download","https://pandacd.io/index.php?p=release&action=download&id=791","Ink","Ink – Domino Tones [2012] [Album]"
"1648561711-174","https://pandacd.io/index.php?order_by=seeders&page=13","","https://pandacd.io/release/513-xsaladcrusherx-plays-a-song-by-bugxpunch/","null","null","XsaladcrusherX","XsaladcrusherX – XsaladcrusherX Plays A Song By bugXpunch [2013] [Single]"
"1648562087-317","https://pandacd.io/index.php?order_by=seeders&page=7","","https://pandacd.io/release/734-the-professional/","Download","https://pandacd.io/index.php?p=release&action=download&id=1746","Luke Seymoup","Luke Seymoup – The Professional [2017] [Album]"
"1648561651-148","https://pandacd.io/index.php?order_by=seeders&page=14","","https://pandacd.io/release/40-green-means-go/","Download","https://pandacd.io/index.php?p=release&action=download&id=87","Zahir","Zahir – Green Means Go [2007] [Album]"
"1648561735-185","https://pandacd.io/index.php?order_by=seeders&page=13","","https://pandacd.io/release/398-the-sea-shaper/","Download","https://pandacd.io/index.php?p=release&action=download&id=878","Terraformer","Terraformer – The Sea Shaper [2012] [Album]"
"1648561625-137","https://pandacd.io/index.php?order_by=seeders&page=15","","https://pandacd.io/release/54-live-on-demolisten-kxlu/","Download","https://pandacd.io/index.php?p=release&action=download&id=116","Guppies","Guppies – Live on Demolisten KXLU [2009] [Live album]"
"1648561921-265","https://pandacd.io/index.php?order_by=seeders&page=9","","https://pandacd.io/release/230-live/","Download","https://pandacd.io/index.php?p=release&action=download&id=475","Our Ceasing Voice","Our Ceasing Voice – Live [2011] [Live album]"
"1648562081-314","https://pandacd.io/index.php?order_by=seeders&page=7","","https://pandacd.io/release/739-sbx-invasion-soundtrack/","Download","https://pandacd.io/index.php?p=release&action=download&id=1755","JimeCide","JimeCide – SBX Invasion Soundtrack [2014] [Soundtrack]"
"1648561975-279","https://pandacd.io/index.php?order_by=seeders&page=9","","https://pandacd.io/release/209-versicolour/","Download","https://pandacd.io/index.php?p=release&action=download&id=417","Aidan Knight","Aidan Knight – Versicolour [2010] [Album]"
"1648562109-327","https://pandacd.io/index.php?order_by=seeders&page=7","","https://pandacd.io/release/698-earthbound-adventures-of-the-sound-stone-vol-1/","Download","https://pandacd.io/index.php?p=release&action=download&id=1632","YTCracker","YTCracker – earthbound - adventures of the sound stone vol. 1 [2012] [EP]"
"1648561608-129","https://pandacd.io/index.php?order_by=seeders&page=15","","https://pandacd.io/release/70-bedroom-emotions/","Download","https://pandacd.io/index.php?p=release&action=download&id=143","Sadsic","Sadsic – [bedroom emotions] [2009] [EP]"
"1648561687-165","https://pandacd.io/index.php?order_by=seeders&page=14","","https://pandacd.io/release/8-pipehammer/","Download","https://pandacd.io/index.php?p=release&action=download&id=16","Neff & Kenney","Neff & Kenney – Pipehammer [2009] [Album]"
"1648562077-312","https://pandacd.io/index.php?order_by=seeders&page=7","","https://pandacd.io/release/756-tripalle/","Download","https://pandacd.io/index.php?p=release&action=download&id=1778","Flembaz","Flembaz – Tripalle [2014] [Album]"
"1648561588-120","https://pandacd.io/index.php?order_by=seeders&page=15","","https://pandacd.io/release/113-the-71-functions-of-consciousness/","Download","https://pandacd.io/index.php?p=release&action=download&id=206","Norfolk","Norfolk – The 71 Functions of Consciousness [2009] [Album]"
"1648561556-106","https://pandacd.io/index.php?order_by=seeders&page=16","","https://pandacd.io/release/160-scarlet/","Download","https://pandacd.io/index.php?p=release&action=download&id=305","Time and Place","Time and Place – Scarlet [2011] [Album]"
"1648561815-219","https://pandacd.io/index.php?order_by=seeders&page=11","","https://pandacd.io/release/344-parkade-songs/","Download","https://pandacd.io/index.php?p=release&action=download&id=718","Paul Stewart","Paul Stewart – Parkade Songs [2009] [EP]"
"1648561698-168","https://pandacd.io/index.php?order_by=seeders&page=13","","https://pandacd.io/release/745-mobius-blue/","null","null","Serious Mastering","Serious Mastering – Mobius - Blue [2020] [Album]"
"1648562042-298","https://pandacd.io/index.php?order_by=seeders&page=8","","https://pandacd.io/release/173-the-general-analysis-of-nature/","Download","https://pandacd.io/index.php?p=release&action=download&id=328","Kurt Lorenz","Kurt Lorenz – The General Analysis of Nature [2010] [EP]"
"1648561720-178","https://pandacd.io/index.php?order_by=seeders&page=13","","https://pandacd.io/release/436-air-your-grievance/","Download","https://pandacd.io/index.php?p=release&action=download&id=988","Fire Spoken by the Buffalo","Fire Spoken by the Buffalo – Air Your Grievance [2012] [EP]"
"1648561851-236","https://pandacd.io/index.php?order_by=seeders&page=11","","https://pandacd.io/release/298-silence-would-be-better/","Download","https://pandacd.io/index.php?p=release&action=download&id=616","Nostalgic Story","Nostalgic Story – Silence Would Be Better [2011] [Album]"
"1648562051-302","https://pandacd.io/index.php?order_by=seeders&page=8","","https://pandacd.io/release/157-thank-you/","Download","https://pandacd.io/index.php?p=release&action=download&id=296","Casey LaLonde","Casey LaLonde – Thank You [2010] [Album]"
"1648561752-191","https://pandacd.io/index.php?order_by=seeders&page=12","","https://pandacd.io/release/385-vapor-blue-sensualize/","Download","https://pandacd.io/index.php?p=release&action=download&id=838","Kamas","Kamas – Vapor Blue Sensualize [2011] [Album]"
"1648561644-145","https://pandacd.io/index.php?order_by=seeders&page=14","","https://pandacd.io/release/44-weakness/","Download","https://pandacd.io/index.php?p=release&action=download&id=95","weakness","weakness – WEAKNESS [2009] [Album]"
"1648561599-125","https://pandacd.io/index.php?order_by=seeders&page=15","","https://pandacd.io/release/79-we-swim-you-jump/","Download","https://pandacd.io/index.php?p=release&action=download&id=159","We Swim You Jump","We Swim You Jump – We Swim You Jump [2008] [Album]"
"1648561605-128","https://pandacd.io/index.php?order_by=seeders&page=15","","https://pandacd.io/release/71-static-atlas/","Download","https://pandacd.io/index.php?p=release&action=download&id=145","Sadsic","Sadsic – [static atlas] [2009] [EP]"
"1648562102-324","https://pandacd.io/index.php?order_by=seeders&page=7","","https://pandacd.io/release/711-turbo-force-gunmetal-zero/","Download","https://pandacd.io/index.php?p=release&action=download&id=1675","crt_head","crt_head – Turbo Force Gunmetal Zero [2020] [Album]"
"1648561702-170","https://pandacd.io/index.php?order_by=seeders&page=13","","https://pandacd.io/release/710-0-ad-soundtracks/","null","null","Omri Lahav","Omri Lahav – 0 A.D. Soundtracks [2015] [Soundtrack]"
"1648561917-263","https://pandacd.io/index.php?order_by=seeders&page=9","","https://pandacd.io/release/234-after-tides/","Download","https://pandacd.io/index.php?p=release&action=download&id=486","cssc","cssc – After Tides [2011] [Album]"
"1648562010-284","https://pandacd.io/index.php?order_by=seeders&page=9","","https://pandacd.io/release/201-live-in-blackpool/","Download","https://pandacd.io/index.php?p=release&action=download&id=395","Matt Stevens","Matt Stevens – Live In Blackpool [2011] [Live album]"
"1648561642-144","https://pandacd.io/index.php?order_by=seeders&page=14","","https://pandacd.io/release/45-our-ancient-friends/","Download","https://pandacd.io/index.php?p=release&action=download&id=97","Ptarmigan","Ptarmigan – Our Ancient Friends [2009] [Album]"
"1648561541-99","https://pandacd.io/index.php?order_by=seeders&page=16","","https://pandacd.io/release/194-variations/","Download","https://pandacd.io/index.php?p=release&action=download&id=376","Glander","Glander – Variations [2011] [Album]"
"1648561676-160","https://pandacd.io/index.php?order_by=seeders&page=14","","https://pandacd.io/release/13-the-why/","Download","https://pandacd.io/index.php?p=release&action=download&id=25","ch4rl33","ch4rl33 – The Why [2010] [EP]"
"1648561610-130","https://pandacd.io/index.php?order_by=seeders&page=15","","https://pandacd.io/release/69-sidewalk-spark/","Download","https://pandacd.io/index.php?p=release&action=download&id=141","Sadsic","Sadsic – [sidewalk spark] [2009] [EP]"
"1648561821-222","https://pandacd.io/index.php?order_by=seeders&page=11","","https://pandacd.io/release/339-hobo-in-a-pilot-cabin/","Download","https://pandacd.io/index.php?p=release&action=download&id=707","Ruffin Poe","Ruffin Poe – Hobo In A Pilot Cabin [2012] [EP]"
"1648561724-180","https://pandacd.io/index.php?order_by=seeders&page=13","","https://pandacd.io/release/430-bastion/","Download","https://pandacd.io/index.php?p=release&action=download&id=992","Sadsic","Sadsic – Bastion [2012] [EP]"
"1648561855-238","https://pandacd.io/index.php?order_by=seeders&page=11","","https://pandacd.io/release/296-ep/","Download","https://pandacd.io/index.php?p=release&action=download&id=610","Swimming","Swimming – EP [2011] [EP]"
"1648561806-215","https://pandacd.io/index.php?order_by=seeders&page=11","","https://pandacd.io/release/350-all-we-can-do-is-sing/","Download","https://pandacd.io/index.php?p=release&action=download&id=737","Tall Tales","Tall Tales – All we can do is sing [2012] [EP]"
"1648561838-230","https://pandacd.io/index.php?order_by=seeders&page=11","","https://pandacd.io/release/320-laminate-pet-animal/","Download","https://pandacd.io/index.php?p=release&action=download&id=663","SNOWMINE","SNOWMINE – LAMINATE PET ANIMAL [2011] [Album]"
"1648561575-115","https://pandacd.io/index.php?order_by=seeders&page=16","","https://pandacd.io/release/122-happy/","Download","https://pandacd.io/index.php?p=release&action=download&id=224","Republicans Suck","Republicans Suck – Happy. [2010] [Single]"
"1648562012-285","https://pandacd.io/index.php?order_by=seeders&page=9","","https://pandacd.io/release/200-kotiin-haltiakansan-luo/","Download","https://pandacd.io/index.php?p=release&action=download&id=392","Aavepyörä","Aavepyörä – Kotiin haltiakansan luo [2010] [Album]"
"1648561567-111","https://pandacd.io/index.php?order_by=seeders&page=16","","https://pandacd.io/release/133-sic/","Download","https://pandacd.io/index.php?p=release&action=download&id=244","Sadsic","Sadsic – [sic] [2008] [EP]"
"1648561623-136","https://pandacd.io/index.php?order_by=seeders&page=15","","https://pandacd.io/release/56-somnolange/","Download","https://pandacd.io/index.php?p=release&action=download&id=119","Essue Dove","Essue Dove and Sadsic – Somnolange! [2009] [Album]"
"1648561866-242","https://pandacd.io/index.php?order_by=seeders&page=10","","https://pandacd.io/release/286-albino-black-bear/","Download","https://pandacd.io/index.php?p=release&action=download&id=591","Andrew Judah","Andrew Judah – Albino Black Bear [2011] [Album]"
"1648561936-272","https://pandacd.io/index.php?order_by=seeders&page=9","","https://pandacd.io/release/222-collide/","Download","https://pandacd.io/index.php?p=release&action=download&id=452","Beats Antique","Beats Antique with Brass Menazeri – Collide [2008] [Album]"
"1648561535-96","https://pandacd.io/index.php?order_by=seeders&page=16","","https://pandacd.io/release/294-brighter/","Download","https://pandacd.io/index.php?p=release&action=download&id=605","Spook the Horses","Spook the Horses – Brighter [2011] [Album]"
"1648562100-323","https://pandacd.io/index.php?order_by=seeders&page=7","","https://pandacd.io/release/715-js-bach-the-art-of-the-fugue-kunst-der-fuge-bwv-1080/","Download","https://pandacd.io/index.php?p=release&action=download&id=1682","Kimiko Ishizaka","Kimiko Ishizaka – J.S. Bach: The Art of the Fugue (Kunst der Fuge), BWV 1080 [2017] [Album]"
"1648561845-233","https://pandacd.io/index.php?order_by=seeders&page=11","","https://pandacd.io/release/311-still-sleeping/","Download","https://pandacd.io/index.php?p=release&action=download&id=647","Chrome Sparks","Chrome Sparks with Steffaloo – Still Sleeping [2011] [Single]"
"1648561612-131","https://pandacd.io/index.php?order_by=seeders&page=15","","https://pandacd.io/release/67-orison/","Download","https://pandacd.io/index.php?p=release&action=download&id=137","Orison","Orison – Orison [2010] [Album]"
"1648561934-271","https://pandacd.io/index.php?order_by=seeders&page=9","","https://pandacd.io/release/223-of-lyres-chocolate/","Download","https://pandacd.io/index.php?p=release&action=download&id=455","z0rg","z0rg – Of Lyres & Chocolate [2011] [Album]"
"1648561894-255","https://pandacd.io/index.php?order_by=seeders&page=10","","https://pandacd.io/release/243-relic/","Download","https://pandacd.io/index.php?p=release&action=download&id=511","Matt Stevens","Matt Stevens – Relic [2011] [Album]"
"1648561653-149","https://pandacd.io/index.php?order_by=seeders&page=14","","https://pandacd.io/release/39-stay-fresh-ey/","Download","https://pandacd.io/index.php?p=release&action=download&id=85","fnessnej","fnessnej – stay fresh, ey [2009] [Album]"
"1648562047-300","https://pandacd.io/index.php?order_by=seeders&page=8","","https://pandacd.io/release/159-lost/","Download","https://pandacd.io/index.php?p=release&action=download&id=302","Somniaferum","Somniaferum – Lost [2011] [Single]"
"1648561745-190","https://pandacd.io/index.php?order_by=seeders&page=13","","https://pandacd.io/release/386-helicopters/","Download","https://pandacd.io/index.php?p=release&action=download&id=841","Queen Orlenes","Queen Orlenes – Helicopters [2012] [EP]"
"1648561732-184","https://pandacd.io/index.php?order_by=seeders&page=13","","https://pandacd.io/release/402-noir-hill/","Download","https://pandacd.io/index.php?p=release&action=download&id=891","Man & Ghost","Man & Ghost – Noir Hill [2011] [EP]"
"1648561830-226","https://pandacd.io/index.php?order_by=seeders&page=11","","https://pandacd.io/release/328-storm/","Download","https://pandacd.io/index.php?p=release&action=download&id=679","Holmes","Holmes with Anna Gottfries – Storm [2008] [EP]"
"1648561663-154","https://pandacd.io/index.php?order_by=seeders&page=14","","https://pandacd.io/release/26-act-of-hybris/","Download","https://pandacd.io/index.php?p=release&action=download&id=53","Aperion","Aperion – Act of Hybris [2010] [Album]"
"1648562023-289","https://pandacd.io/index.php?order_by=seeders&page=8","","https://pandacd.io/release/196-elektro-fluoro-punx/","Download","https://pandacd.io/index.php?p=release&action=download&id=380","Aavepyörä","Aavepyörä – Elektro fluoro punx [2005] [Album]"
"1648562045-299","https://pandacd.io/index.php?order_by=seeders&page=8","","https://pandacd.io/release/168-3903/","Download","https://pandacd.io/index.php?p=release&action=download&id=318","Administration Shock Him","Administration Shock Him – 39:03 [2011] [Album]"
"1648561909-262","https://pandacd.io/index.php?order_by=seeders&page=10","","https://pandacd.io/release/235-scream-dream/","Download","https://pandacd.io/index.php?p=release&action=download&id=489","Flesh Forest","Flesh Forest and The Elephant Only Zoo – Scream Dream [2011] [EP]"
"1648561819-221","https://pandacd.io/index.php?order_by=seeders&page=11","","https://pandacd.io/release/342-helix-street/","Download","https://pandacd.io/index.php?p=release&action=download&id=713","Decks","Decks – Helix Street [2012] [EP]"
"1648561548-102","https://pandacd.io/index.php?order_by=seeders&page=16","","https://pandacd.io/release/175-21-years-of-disappointment/","Download","https://pandacd.io/index.php?p=release&action=download&id=334","Oven Rake","Oven Rake – 21 Years of Disappointment [2011] [Album]"
"1648561795-211","https://pandacd.io/index.php?order_by=seeders&page=12","","https://pandacd.io/release/354-ouroboros/","Download","https://pandacd.io/index.php?p=release&action=download&id=749","Big Mean Sound Machine","Big Mean Sound Machine – Ouroboros [2011] [Album]"
"1648561896-256","https://pandacd.io/index.php?order_by=seeders&page=10","","https://pandacd.io/release/242-little-foxes/","Download","https://pandacd.io/index.php?p=release&action=download&id=508","Austin Basham","Austin Basham – Little Foxes [2011] [EP]"
"1648562060-306","https://pandacd.io/index.php?order_by=seeders&page=8","","https://pandacd.io/release/153-beware/","Download","https://pandacd.io/index.php?p=release&action=download&id=284","Casey LaLonde","Casey LaLonde – Beware! [2008] [Album]"
"1648561905-260","https://pandacd.io/index.php?order_by=seeders&page=10","","https://pandacd.io/release/237-homes/","Download","https://pandacd.io/index.php?p=release&action=download&id=495","Great American Desert","Great American Desert – Homes [2011] [Album]"
"1648561875-246","https://pandacd.io/index.php?order_by=seeders&page=10","","https://pandacd.io/release/281-ghost/","Download","https://pandacd.io/index.php?p=release&action=download&id=578","Matt Stevens","Matt Stevens – Ghost [2010] [Album]"
"1648562034-294","https://pandacd.io/index.php?order_by=seeders&page=8","","https://pandacd.io/release/185-waterfall/","Download","https://pandacd.io/index.php?p=release&action=download&id=359","Judd Madden","Judd Madden – Waterfall [2010] [Album]"
"1648561730-183","https://pandacd.io/index.php?order_by=seeders&page=13","","https://pandacd.io/release/406-rawdon-fever/","Download","https://pandacd.io/index.php?p=release&action=download&id=902","Ninetails","Ninetails – Rawdon Fever [2012] [Single]"
"1648561685-164","https://pandacd.io/index.php?order_by=seeders&page=14","","https://pandacd.io/release/9-allston-summer-rattland/","Download","https://pandacd.io/index.php?p=release&action=download&id=18","Neff & Kenney","Neff & Kenney – Allston Summer Rattland [2010] [Album]"
"1648561800-213","https://pandacd.io/index.php?order_by=seeders&page=12","","https://pandacd.io/release/352-soft-comedy/","Download","https://pandacd.io/index.php?p=release&action=download&id=743","Customer","Customer – Soft Comedy [2010] [EP]"
"1648561700-169","https://pandacd.io/index.php?order_by=seeders&page=13","","https://pandacd.io/release/742-bio/","null","null","Serious Mastering","Serious Mastering – Bio [2001] [Album]"
"1648561578-116","https://pandacd.io/index.php?order_by=seeders&page=16","","https://pandacd.io/release/119-staff-only-no-vikings/","Download","https://pandacd.io/index.php?p=release&action=download&id=219","Sylvain the Librarian","Sylvain the Librarian – Staff Only No Vikings [2009] [Album]"
"1648562064-308","https://pandacd.io/index.php?order_by=seeders&page=8","","https://pandacd.io/release/145-when-the-headline-hit-home/","Download","https://pandacd.io/index.php?p=release&action=download&id=268","Our Ceasing Voice","Our Ceasing Voice – When The Headline Hit Home [2011] [Album]"
"1648561755-192","https://pandacd.io/index.php?order_by=seeders&page=12","","https://pandacd.io/release/384-free/","Download","https://pandacd.io/index.php?p=release&action=download&id=835","Kamas","Kamas – Free [2012] [Album]"
"1648561543-100","https://pandacd.io/index.php?order_by=seeders&page=16","","https://pandacd.io/release/181-paradigms/","Download","https://pandacd.io/index.php?p=release&action=download&id=350","null","Various Artists – Paradigms [2009] [Compilation]"
"1648561873-245","https://pandacd.io/index.php?order_by=seeders&page=10","","https://pandacd.io/release/283-wet-stallions-ii/","Download","https://pandacd.io/index.php?p=release&action=download&id=582","Wet Stallions","Wet Stallions – Wet Stallions II [2011] [Album]"
"1648561930-269","https://pandacd.io/index.php?order_by=seeders&page=9","","https://pandacd.io/release/225-citizens-of-the-empire/","Download","https://pandacd.io/index.php?p=release&action=download&id=461","Citizens Of The Empire","Citizens Of The Empire – Citizens Of The Empire [2010] [Album]"
"1648561774-201","https://pandacd.io/index.php?order_by=seeders&page=12","","https://pandacd.io/release/371-sorry-and-goodnight/","Download","https://pandacd.io/index.php?p=release&action=download&id=797","Nostalgic Story","Nostalgic Story – Sorry And Goodnight [2010] [Album]"
"1648561668-156","https://pandacd.io/index.php?order_by=seeders&page=14","","https://pandacd.io/release/22-the-pursuit-continues/","Download","https://pandacd.io/index.php?p=release&action=download&id=46","Giraffe Incognito","Giraffe Incognito – The Pursuit Continues [2009] [Album]"
"1648561843-232","https://pandacd.io/index.php?order_by=seeders&page=11","","https://pandacd.io/release/314-apart/","Download","https://pandacd.io/index.php?p=release&action=download&id=657","Azoora","Azoora and Graciellita – APART [2011] [EP]"
"1648561776-202","https://pandacd.io/index.php?order_by=seeders&page=12","","https://pandacd.io/release/370-medicine/","Download","https://pandacd.io/index.php?p=release&action=download&id=794","Quiet Americans","Quiet Americans – Medicine [2011] [EP]"
"1648562027-291","https://pandacd.io/index.php?order_by=seeders&page=8","","https://pandacd.io/release/192-sweet-sister-starlight/","Download","https://pandacd.io/index.php?p=release&action=download&id=370","Fit and the Conniptions","Fit and the Conniptions – Sweet Sister Starlight [2011] [Album]"
"1648561923-266","https://pandacd.io/index.php?order_by=seeders&page=9","","https://pandacd.io/release/229-the-carrot-chase/","Download","https://pandacd.io/index.php?p=release&action=download&id=472","The Bell Beat","The Bell Beat – The Carrot Chase [2007] [Album]"
"1648562079-313","https://pandacd.io/index.php?order_by=seeders&page=7","","https://pandacd.io/release/740-kevakin-7/","Download","https://pandacd.io/index.php?p=release&action=download&id=1758","Slim The Pineapple","Slim The Pineapple – Kevakin 7 [2016] [Album]"
"1648561767-198","https://pandacd.io/index.php?order_by=seeders&page=12","","https://pandacd.io/release/375-halfbit-hero/","Download","https://pandacd.io/index.php?p=release&action=download&id=810","Chip's Challenge","Chip's Challenge – Halfbit Hero [2011] [EP]"
"1648562105-325","https://pandacd.io/index.php?order_by=seeders&page=7","","https://pandacd.io/release/708-rear-view/","Download","https://pandacd.io/index.php?p=release&action=download&id=1666","EVA","EVA – Rear View [2017] [Album]"
"1648561629-139","https://pandacd.io/index.php?order_by=seeders&page=15","","https://pandacd.io/release/52-a-mad-but-perfect-plan/","Download","https://pandacd.io/index.php?p=release&action=download&id=111","Palloc","Palloc – A Mad But Perfect Plan [2010] [EP]"
"1648561635-142","https://pandacd.io/index.php?order_by=seeders&page=15","","https://pandacd.io/release/49-brush-your-teeth-with-me/","Download","https://pandacd.io/index.php?p=release&action=download&id=106","Nick Perko","Nick Perko – Brush Your Teeth With Me [2009] [EP]"
"1648561597-124","https://pandacd.io/index.php?order_by=seeders&page=15","","https://pandacd.io/release/80-raucous/","Download","https://pandacd.io/index.php?p=release&action=download&id=161","Ethan Kennedy","Ethan Kennedy – Raucous [2009] [Album]"
"1648561655-150","https://pandacd.io/index.php?order_by=seeders&page=14","","https://pandacd.io/release/37-the-gyroscope/","Download","https://pandacd.io/index.php?p=release&action=download&id=79","Hail Infinity","Hail Infinity – The Gyroscope [2009] [Album]"
"1648561823-223","https://pandacd.io/index.php?order_by=seeders&page=11","","https://pandacd.io/release/336-2-rude/","Download","https://pandacd.io/index.php?p=release&action=download&id=697","Chalices of the Past","Chalices of the Past – 2 RUDE [2010] [Album]"
"1648561640-143","https://pandacd.io/index.php?order_by=seeders&page=14","","https://pandacd.io/release/46-nomia/","Download","https://pandacd.io/index.php?p=release&action=download&id=99","Nomia","Nomia – Nomia [2008] [EP]"
"1648561552-104","https://pandacd.io/index.php?order_by=seeders&page=16","","https://pandacd.io/release/167-we-left-our-chambers/","Download","https://pandacd.io/index.php?p=release&action=download&id=315","hélas,whale","hélas,whale – we left our chambers [2011] [Album]"
"1648561582-118","https://pandacd.io/index.php?order_by=seeders&page=16","","https://pandacd.io/release/117-black-and-white-sunrise-ii/","Download","https://pandacd.io/index.php?p=release&action=download&id=215","Addae Dans","Addae Dans – Black And White Sunrise II [2011] [EP]"
"1648561817-220","https://pandacd.io/index.php?order_by=seeders&page=11","","https://pandacd.io/release/343-permanence/","Download","https://pandacd.io/index.php?p=release&action=download&id=715","Paul Stewart","Paul Stewart – Permanence [2011] [EP]"
"1648561860-239","https://pandacd.io/index.php?order_by=seeders&page=10","","https://pandacd.io/release/295-kiyomizu/","Download","https://pandacd.io/index.php?p=release&action=download&id=607","Ektoise","Ektoise – Kiyomizu [2011] [Album]"
"1648561674-159","https://pandacd.io/index.php?order_by=seeders&page=14","","https://pandacd.io/release/14-ghost/","Download","https://pandacd.io/index.php?p=release&action=download&id=27","ch4rl33","ch4rl33 – Ghost [2011] [EP]"
"1648561722-179","https://pandacd.io/index.php?order_by=seeders&page=13","","https://pandacd.io/release/433-down-river/","Download","https://pandacd.io/index.php?p=release&action=download&id=974","Ektoise","Ektoise – Down River [2012] [EP]"
"1648562021-288","https://pandacd.io/index.php?order_by=seeders&page=8","","https://pandacd.io/release/197-goddess-guerrilla/","Download","https://pandacd.io/index.php?p=release&action=download&id=383","Aavepyörä","Aavepyörä – Goddess Guerrilla [2006] [Album]"
"1648561737-186","https://pandacd.io/index.php?order_by=seeders&page=13","","https://pandacd.io/release/397-self-titled/","Download","https://pandacd.io/index.php?p=release&action=download&id=876","Violent Sun","Violent Sun – Self-Titled [2012] [Album]"
"1648561832-227","https://pandacd.io/index.php?order_by=seeders&page=11","","https://pandacd.io/release/327-so-far-so-so/","Download","https://pandacd.io/index.php?p=release&action=download&id=676","Holmes","Holmes – So Far, So So [2008] [Compilation]"
"1648562029-292","https://pandacd.io/index.php?order_by=seeders&page=8","","https://pandacd.io/release/187-drown/","Download","https://pandacd.io/index.php?p=release&action=download&id=365","Judd Madden","Judd Madden – Drown [2011] [Album]"
"1648562107-326","https://pandacd.io/index.php?order_by=seeders&page=7","","https://pandacd.io/release/700-sakura/","Download","https://pandacd.io/index.php?p=release&action=download&id=1640","Kontext","Kontext – Sakura [2020] [Single]"
"1648561616-133","https://pandacd.io/index.php?order_by=seeders&page=15","","https://pandacd.io/release/62-hoover/","Download","https://pandacd.io/index.php?p=release&action=download&id=129","dialect","dialect – hoover [2008] [EP]"
"1648561681-162","https://pandacd.io/index.php?order_by=seeders&page=14","","https://pandacd.io/release/11-emulsifying-sounds/","Download","https://pandacd.io/index.php?p=release&action=download&id=22","ch4rl33","ch4rl33 – Emulsifying Sounds [2009] [Album]"
"1648561569-112","https://pandacd.io/index.php?order_by=seeders&page=16","","https://pandacd.io/release/131-spring-of-eternity/","Download","https://pandacd.io/index.php?p=release&action=download&id=241","Sadsic","Sadsic – [spring of eternity] [2011] [EP]"
"1648561696-167","https://pandacd.io/index.php?order_by=seeders&page=13","","https://pandacd.io/release/6-scram1/","Download","https://pandacd.io/index.php?p=release&action=download&id=12","The Scrams","The Scrams – SCRAM1 [2009] [EP]"
"1648562008-283","https://pandacd.io/index.php?order_by=seeders&page=9","","https://pandacd.io/release/202-conception/","Download","https://pandacd.io/index.php?p=release&action=download&id=398","null","Various Artists – Conception [2011] [Compilation]"
"1648561849-235","https://pandacd.io/index.php?order_by=seeders&page=11","","https://pandacd.io/release/299-submersed/","Download","https://pandacd.io/index.php?p=release&action=download&id=621","Black Vortex","Black Vortex – Submersed [2011] [EP]"
"1648561797-212","https://pandacd.io/index.php?order_by=seeders&page=12","","https://pandacd.io/release/353-purist/","Download","https://pandacd.io/index.php?p=release&action=download&id=746","Subsist","Subsist – Purist [2011] [EP]"
"1648561810-217","https://pandacd.io/index.php?order_by=seeders&page=11","","https://pandacd.io/release/346-in-love-with-myself/","Download","https://pandacd.io/index.php?p=release&action=download&id=724","Monocure","Monocure – In Love With Myself [2012] [Single]"
"1648562057-305","https://pandacd.io/index.php?order_by=seeders&page=8","","https://pandacd.io/release/154-hope-against-hope/","Download","https://pandacd.io/index.php?p=release&action=download&id=287","Casey LaLonde","Casey LaLonde – Hope Against Hope [2009] [Album]"
"1648561808-216","https://pandacd.io/index.php?order_by=seeders&page=11","","https://pandacd.io/release/347-lyd/","Download","https://pandacd.io/index.php?p=release&action=download&id=728","Young Heel","Young Heel – LYD [2011] [Single]"
"1648561759-194","https://pandacd.io/index.php?order_by=seeders&page=12","","https://pandacd.io/release/381-opus-at-the-end-of-everything/","Download","https://pandacd.io/index.php?p=release&action=download&id=827","The Flashbulb","The Flashbulb – Opus at the End of Everything [2012] [Album]"
"1648562098-322","https://pandacd.io/index.php?order_by=seeders&page=7","","https://pandacd.io/release/727-shapes-and-shadows/","Download","https://pandacd.io/index.php?p=release&action=download&id=1711","Panda Dub","Panda Dub – Shapes and Shadows [2017] [Album]"
"1648562004-281","https://pandacd.io/index.php?order_by=seeders&page=9","","https://pandacd.io/release/206-glorie/","Download","https://pandacd.io/index.php?p=release&action=download&id=410","Glorie","Glorie – Glorie [2011] [Album]"
"1648562062-307","https://pandacd.io/index.php?order_by=seeders&page=8","","https://pandacd.io/release/152-descent/","Download","https://pandacd.io/index.php?p=release&action=download&id=281","Prektel","Prektel – descent [2011] [Single]"
"1648561926-267","https://pandacd.io/index.php?order_by=seeders&page=9","","https://pandacd.io/release/228-our-manderley/","Download","https://pandacd.io/index.php?p=release&action=download&id=469","The Bell Beat","The Bell Beat – Our Manderley [2011] [Album]"
"1648561785-206","https://pandacd.io/index.php?order_by=seeders&page=12","","https://pandacd.io/release/362-revery/","Download","https://pandacd.io/index.php?p=release&action=download&id=774","Yohuna","Yohuna – Revery [2011] [EP]"
"1648561550-103","https://pandacd.io/index.php?order_by=seeders&page=16","","https://pandacd.io/release/174-reveal/","Download","https://pandacd.io/index.php?p=release&action=download&id=332","Starpilot","Starpilot – Reveal [2011] [Album]"
"1648562025-290","https://pandacd.io/index.php?order_by=seeders&page=8","","https://pandacd.io/release/195-aarnimaa/","Download","https://pandacd.io/index.php?p=release&action=download&id=377","Aavepyörä","Aavepyörä – Aarnimaa [2003] [Album]"
"1648561670-157","https://pandacd.io/index.php?order_by=seeders&page=14","","https://pandacd.io/release/18-comatose/","Download","https://pandacd.io/index.php?p=release&action=download&id=36","Homestretch","Homestretch – Comatose [2010] [EP]"
"1648561571-113","https://pandacd.io/index.php?order_by=seeders&page=16","","https://pandacd.io/release/130-souls-of-winter/","Download","https://pandacd.io/index.php?p=release&action=download&id=239","Sadsic","Sadsic – [souls of winter] [2011] [EP]"
"1648562019-287","https://pandacd.io/index.php?order_by=seeders&page=8","","https://pandacd.io/release/198-bizarroworld/","Download","https://pandacd.io/index.php?p=release&action=download&id=386","null","Various Artists – Bizarroworld [2007] [Album]"
"1648562075-311","https://pandacd.io/index.php?order_by=seeders&page=7","","https://pandacd.io/release/15-poshlost/","Download","https://pandacd.io/index.php?p=release&action=download&id=31","Nothing","Nothing – Poshlost [2010] [Album]"
"1648561780-204","https://pandacd.io/index.php?order_by=seeders&page=12","","https://pandacd.io/release/366-explorgasm/","Download","https://pandacd.io/index.php?p=release&action=download&id=785","DEERPEOPLE","DEERPEOPLE – EXPLORGASM [2012] [EP]"
"1648561890-253","https://pandacd.io/index.php?order_by=seeders&page=10","","https://pandacd.io/release/248-sun-ray/","Download","https://pandacd.io/index.php?p=release&action=download&id=522","Conveyor","Conveyor – Sun Ray [2011] [EP]"
"1648561728-182","https://pandacd.io/index.php?order_by=seeders&page=13","","https://pandacd.io/release/416-itami-%e3%81%84%e3%81%9f%e3%81%bf/","Download","https://pandacd.io/index.php?p=release&action=download&id=935","Kikyo Maaka (真紅ききょ)","Kikyo Maaka (真紅ききょ) with SeeU – Itami (いたみ) [2012] [Single]"
"1648561761-195","https://pandacd.io/index.php?order_by=seeders&page=12","","https://pandacd.io/release/380-the-spirit-of-the-stairs/","Download","https://pandacd.io/index.php?p=release&action=download&id=824","Saint Bernard","Saint Bernard – The Spirit of the Stairs [2011] [Album]"
"1648561659-152","https://pandacd.io/index.php?order_by=seeders&page=14","","https://pandacd.io/release/33-emotion/","Download","https://pandacd.io/index.php?p=release&action=download&id=71","Adore","Adore – Emotion [2009] [EP]"
"1648562083-315","https://pandacd.io/index.php?order_by=seeders&page=7","","https://pandacd.io/release/738-mulderscully/","Download","https://pandacd.io/index.php?p=release&action=download&id=1729","Luke Seymoup","Luke Seymoup – MulderScully [2019] [Single]"
"1648561560-108","https://pandacd.io/index.php?order_by=seeders&page=16","","https://pandacd.io/release/136-stranger-ways/","Download","https://pandacd.io/index.php?p=release&action=download&id=250","Sadsic","Sadsic – [stranger ways] [2009] [EP]"
"1648561853-237","https://pandacd.io/index.php?order_by=seeders&page=11","","https://pandacd.io/release/297-in-memory-of-rupert-cloud/","Download","https://pandacd.io/index.php?p=release&action=download&id=613","My Enhanced Little Rhubarb","My Enhanced Little Rhubarb – In Memory of Rupert Cloud [2011] [Album]"
"1648561757-193","https://pandacd.io/index.php?order_by=seeders&page=12","","https://pandacd.io/release/383-downtown-chicagoland/","Download","https://pandacd.io/index.php?p=release&action=download&id=832","Spanish Prisoners","Spanish Prisoners – Downtown Chicagoland [2012] [Single]"
"1648561558-107","https://pandacd.io/index.php?order_by=seeders&page=16","","https://pandacd.io/release/137-son/","Download","https://pandacd.io/index.php?p=release&action=download&id=252","Sadsic","Sadsic – [son] [2010] [EP]"
"1648561881-249","https://pandacd.io/index.php?order_by=seeders&page=10","","https://pandacd.io/release/257-lumen/","Download","https://pandacd.io/index.php?p=release&action=download&id=542","Addae Dans","Addae Dans – Lumen [2011] [EP]"
"1648562055-304","https://pandacd.io/index.php?order_by=seeders&page=8","","https://pandacd.io/release/155-in-june/","Download","https://pandacd.io/index.php?p=release&action=download&id=290","Casey LaLonde","Casey LaLonde – In June [2010] [EP]"
"1648562040-297","https://pandacd.io/index.php?order_by=seeders&page=8","","https://pandacd.io/release/177-oskoreien/","Download","https://pandacd.io/index.php?p=release&action=download&id=338","Oskoreien","Oskoreien – Oskoreien [2011] [Album]"
"1648561903-259","https://pandacd.io/index.php?order_by=seeders&page=10","","https://pandacd.io/release/238-the-monstersbathroom-sessions/","Download","https://pandacd.io/index.php?p=release&action=download&id=498","Great American Desert","Great American Desert – The Monsters/Bathroom Sessions [2011] [Album]"
"1648561871-244","https://pandacd.io/index.php?order_by=seeders&page=10","","https://pandacd.io/release/284-wet-stallions-i/","Download","https://pandacd.io/index.php?p=release&action=download&id=585","Wet Stallions","Wet Stallions – Wet Stallions I [2010] [Album]"
"1648561789-208","https://pandacd.io/index.php?order_by=seeders&page=12","","https://pandacd.io/release/358-red-light-district/","Download","https://pandacd.io/index.php?p=release&action=download&id=762","Midi Matilda","Midi Matilda – Red Light District [2012] [EP]"
"1648561545-101","https://pandacd.io/index.php?order_by=seeders&page=16","","https://pandacd.io/release/176-dead-horse/","Download","https://pandacd.io/index.php?p=release&action=download&id=336","Charts and Maps","Charts and Maps – Dead Horse [2011] [Album]"
"1648561707-172","https://pandacd.io/index.php?order_by=seeders&page=13","","https://pandacd.io/release/638-light-of-abysses/","null","null","bertycox","bertycox – Light of Abysses [2009] [Album]"
"1648561836-229","https://pandacd.io/index.php?order_by=seeders&page=11","","https://pandacd.io/release/322-oscillate/","Download","https://pandacd.io/index.php?p=release&action=download&id=667","Obstacles","Obstacles – Oscillate [2011] [EP]"
"1648562318-413","https://pandacd.io/index.php?order_by=seeders&page=21","","https://pandacd.io/release/98-epoch-symbol/","null","null","Oleg Serkov","Oleg Serkov – Epoch Symbol [2009] [Album]"
"1648562596-516","https://pandacd.io/index.php?order_by=seeders&page=17","","https://pandacd.io/release/414-memoria/","Download","https://pandacd.io/index.php?p=release&action=download&id=932","Ices Ov","Ices Ov – Memoria [2009] [EP]"
"1648562374-438","https://pandacd.io/index.php?order_by=seeders&page=20","","https://pandacd.io/release/24-genius-loci/","null","null","After Three Seconds","After Three Seconds – Genius Loci [2008] [EP]"
"1648562463-477","https://pandacd.io/index.php?order_by=seeders&page=18","","https://pandacd.io/release/548-the-blue-knites-ov-microsoftxsaladcrusherx/","null","null","The Blue Knites Öv Micrösöft","The Blue Knites Öv Micrösöft and XsaladcrusherX – The Blue Knites Öv Micrösöft/XsaladcrusherX [2013] [EP]"
"1648562310-409","https://pandacd.io/index.php?order_by=seeders&page=21","","https://pandacd.io/release/103-indisguise/","null","null","Tleilaux","Tleilaux – indisguise [2005] [EP]"
"1648562338-422","https://pandacd.io/index.php?order_by=seeders&page=21","","https://pandacd.io/release/87-listen/","null","null","Tryad","Tryad – Listen [2006] [Album]"
"1648562353-428","https://pandacd.io/index.php?order_by=seeders&page=20","","https://pandacd.io/release/75-songs-for-k/","null","null","Zhe Nhir","Zhe Nhir – Songs For K [2008] [Album]"
"1648562331-419","https://pandacd.io/index.php?order_by=seeders&page=21","","https://pandacd.io/release/91-e-world/","null","null","zero-project","zero-project – e-world [2011] [Album]"
"1648562476-483","https://pandacd.io/index.php?order_by=seeders&page=18","","https://pandacd.io/release/536-dolphin-meat/","null","null","Japanese Torture Comedy Hour","Japanese Torture Comedy Hour – Dolphin Meat [2011] [Album]"
"1648562433-464","https://pandacd.io/index.php?order_by=seeders&page=19","","https://pandacd.io/release/642-feat/","null","null","bertycox","bertycox – Feat [2009] [Album]"
"1648562335-421","https://pandacd.io/index.php?order_by=seeders&page=21","","https://pandacd.io/release/88-public-domain/","null","null","Tryad","Tryad with Joana Smith – Public Domain [2005] [Album]"
"1648562525-505","https://pandacd.io/index.php?order_by=seeders&page=17","","https://pandacd.io/release/497-singles-collection-2011-2012/","null","null","Afternoon Coffee","Afternoon Coffee – Singles Collection 2011-2012 [2012] [Compilation]"
"1648562402-450","https://pandacd.io/index.php?order_by=seeders&page=19","","https://pandacd.io/release/712-cullahsus/","null","null","Cullah","Cullah – Cullahsus [2018] [Album]"
"1648562461-476","https://pandacd.io/index.php?order_by=seeders&page=18","","https://pandacd.io/release/555-t-90/","null","null","[ˈɡlasnəsʲtʲ]","[ˈɡlasnəsʲtʲ] – T-90 [2014] [Album]"
"1648562515-500","https://pandacd.io/index.php?order_by=seeders&page=17","","https://pandacd.io/release/511-a-big-fucking-let-down/","null","null","XsaladcrusherX","XsaladcrusherX – A Big Fucking Let Down [2013] [EP]"
"1648562485-487","https://pandacd.io/index.php?order_by=seeders&page=18","","https://pandacd.io/release/529-hibernation/","Download","https://pandacd.io/index.php?p=release&action=download&id=1365","seedmole","seedmole – Hibernation [2012] [Live album]"
"1648562442-468","https://pandacd.io/index.php?order_by=seeders&page=19","","https://pandacd.io/release/637-remember/","null","null","bertycox","bertycox – Remember [2010] [Album]"
"1648562583-510","https://pandacd.io/index.php?order_by=seeders&page=17","","https://pandacd.io/release/431-symbol/","Download","https://pandacd.io/index.php?p=release&action=download&id=970","Sadsic","Sadsic – Symbol [2012] [Album]"
"1648562409-453","https://pandacd.io/index.php?order_by=seeders&page=19","","https://pandacd.io/release/663-episodes-concerto-for-two-pianos-string-quartet/","Download","https://pandacd.io/index.php?p=release&action=download&id=1564","King Imagine & Pankifared","King Imagine & Pankifared – Episodes (Concerto For Two Pianos & String Quartet) [2014] [Album]"
"1648562604-520","https://pandacd.io/index.php?order_by=seeders&page=17","","https://pandacd.io/release/348-sex-vi/","Download","https://pandacd.io/index.php?p=release&action=download&id=732","NP","NP – Sex_(VI) [2011] [Album]"
"1648562393-447","https://pandacd.io/index.php?order_by=seeders&page=20","","https://pandacd.io/release/741-ab11001101/","null","null","Serious Mastering","Serious Mastering – ab11001101 [2005] [Album]"
"1648562500-494","https://pandacd.io/index.php?order_by=seeders&page=18","","https://pandacd.io/release/518-all-the-fixins/","null","null","XsaladcrusherX","XsaladcrusherX – All The Fixins' [2012] [EP]"
"1648562517-501","https://pandacd.io/index.php?order_by=seeders&page=17","","https://pandacd.io/release/510-pizza-pentaholocrust/","null","null","XsaladcrusherX","XsaladcrusherX – Pizza Pentaholocrust [2013] [EP]"
"1648562602-519","https://pandacd.io/index.php?order_by=seeders&page=17","","https://pandacd.io/release/382-five-automatic-landings/","Download","https://pandacd.io/index.php?p=release&action=download&id=830","Conelrad","Conelrad – Five Automatic Landings [2011] [EP]"
"1648562378-440","https://pandacd.io/index.php?order_by=seeders&page=20","","https://pandacd.io/release/751-%c2%bd/","null","null","Cullah","Cullah – ½ [2021] [Album]"
"1648562452-473","https://pandacd.io/index.php?order_by=seeders&page=19","","https://pandacd.io/release/568-the-old-world/","null","null","[ˈɡlasnəsʲtʲ]","[ˈɡlasnəsʲtʲ] – The Old World [2014] [Album]"
"1648562406-452","https://pandacd.io/index.php?order_by=seeders&page=19","","https://pandacd.io/release/664-lambs/","Download","https://pandacd.io/index.php?p=release&action=download&id=1566","Lambs","Lambs – Lambs [2013] [Album]"
"1648562297-403","https://pandacd.io/index.php?order_by=seeders&page=21","","https://pandacd.io/release/124-hardcore-fix-vol-one/","null","null","DJ Davies","DJ Davies and MC Skatty – Hardcore Fix Vol One [2010] [Demo]"
"1648562363-433","https://pandacd.io/index.php?order_by=seeders&page=20","","https://pandacd.io/release/57-the-biggest-conch-shell-ive-ever-seen/","null","null","Toads, Inc.","Toads, Inc. – The Biggest Conch Shell I've Ever Seen [2009] [Album]"
"1648562474-482","https://pandacd.io/index.php?order_by=seeders&page=18","","https://pandacd.io/release/539-killah-cullah/","Download","https://pandacd.io/index.php?p=release&action=download&id=1774","Cullah","Cullah – Killah Cullah [2008] [Album]"
"1648562419-458","https://pandacd.io/index.php?order_by=seeders&page=19","","https://pandacd.io/release/655-the-sun/","Download","https://pandacd.io/index.php?p=release&action=download&id=1544","Cambrian Explosion","Cambrian Explosion – The Sun [2013] [EP]"
"1648562439-467","https://pandacd.io/index.php?order_by=seeders&page=19","","https://pandacd.io/release/639-last-spring/","null","null","bertycox","bertycox – Last Spring [2009] [Album]"
"1648562327-417","https://pandacd.io/index.php?order_by=seeders&page=21","","https://pandacd.io/release/93-celtic-dream/","null","null","zero-project","zero-project – celtic dream [2010] [Album]"
"1648562391-446","https://pandacd.io/index.php?order_by=seeders&page=20","","https://pandacd.io/release/743-fire/","null","null","Serious Mastering","Serious Mastering – Fire [2002] [Album]"
"1648562323-415","https://pandacd.io/index.php?order_by=seeders&page=21","","https://pandacd.io/release/96-360/","null","null","Asura (Red Puma)","Asura (Red Puma) – 360 [2011] [Album]"
"1648562368-435","https://pandacd.io/index.php?order_by=seeders&page=20","","https://pandacd.io/release/48-supposed-to-smile/","null","null","Awkward Paws","Awkward Paws – Supposed to Smile [2010] [Album]"
"1648562340-423","https://pandacd.io/index.php?order_by=seeders&page=21","","https://pandacd.io/release/86-8-bit-lagerfeuer/","null","null","pornophonique","pornophonique – 8-bit lagerfeuer [2007] [Album]"
"1648562431-463","https://pandacd.io/index.php?order_by=seeders&page=19","","https://pandacd.io/release/643-broken-piano/","null","null","bertycox","bertycox – Broken Piano [2009] [Album]"
"1648562450-472","https://pandacd.io/index.php?order_by=seeders&page=19","","https://pandacd.io/release/572-cellula-mesenchymatica-praecursoria/","null","null","[ˈɡlasnəsʲtʲ]","[ˈɡlasnəsʲtʲ] – Cellula Mesenchymatica Praecursoria [2015] [Album]"
"1648562348-426","https://pandacd.io/index.php?order_by=seeders&page=20","","https://pandacd.io/release/78-conversations-with-myself/","null","null","Wauterboi","Wauterboi – Conversations With Myself [2009] [EP]"
"1648562557-509","https://pandacd.io/index.php?order_by=seeders&page=17","","https://pandacd.io/release/437-crimes/","Download","https://pandacd.io/index.php?p=release&action=download&id=981","Seatraffic","Seatraffic – Crimes [2012] [EP]"
"1648562314-411","https://pandacd.io/index.php?order_by=seeders&page=21","","https://pandacd.io/release/100-versteck/","null","null","pablo denegri","pablo denegri – Versteck [2010] [EP]"
"1648562329-418","https://pandacd.io/index.php?order_by=seeders&page=21","","https://pandacd.io/release/92-bread-circus/","null","null","fidget","fidget – bread & circus [2011] [EP]"
"1648562598-517","https://pandacd.io/index.php?order_by=seeders&page=17","","https://pandacd.io/release/403-shoutalong/","Download","https://pandacd.io/index.php?p=release&action=download&id=894","Man & Ghost","Man & Ghost – Shoutalong [2012] [Single]"
"1648562435-465","https://pandacd.io/index.php?order_by=seeders&page=19","","https://pandacd.io/release/641-filmo-graf/","null","null","bertycox","bertycox – Film'O Graf [2009] [Album]"
"1648562305-407","https://pandacd.io/index.php?order_by=seeders&page=21","","https://pandacd.io/release/108-brothers/","null","null","Juho the Panda","Juho the Panda – Brothers [2011] [Album]"
"1648562446-470","https://pandacd.io/index.php?order_by=seeders&page=19","","https://pandacd.io/release/635-robot-in-love/","null","null","bertycox","bertycox – Robot in Love [2009] [Album]"
"1648562303-406","https://pandacd.io/index.php?order_by=seeders&page=21","","https://pandacd.io/release/109-cant-sleep/","null","null","Dj Vax1","Dj Vax1 – Can't Sleep [2011] [EP]"
"1648562370-436","https://pandacd.io/index.php?order_by=seeders&page=20","","https://pandacd.io/release/34-beneath-us/","null","null","Adore","Adore – Beneath Us [2008] [EP]"
"1648562366-434","https://pandacd.io/index.php?order_by=seeders&page=20","","https://pandacd.io/release/55-long-live-the-chupacabra/","null","null","Lechuguillas","Lechuguillas – Long Live The Chupacabra [2009] [Album]"
"1648562396-448","https://pandacd.io/index.php?order_by=seeders&page=20","","https://pandacd.io/release/714-cullahtivation/","null","null","Cullah","Cullah – Cullahtivation [2020] [Album]"
"1648562381-441","https://pandacd.io/index.php?order_by=seeders&page=20","","https://pandacd.io/release/749-my-first-album/","null","null","Kizito","Kizito – My First Album [2021] [Album]"
"1648562478-484","https://pandacd.io/index.php?order_by=seeders&page=18","","https://pandacd.io/release/535-the-24-hour-japanese-torture-comedy-marathon/","null","null","Japanese Torture Comedy Hour","Japanese Torture Comedy Hour – The 24 hour Japanese Torture Comedy Marathon [2011] [Album]"
"1648562342-424","https://pandacd.io/index.php?order_by=seeders&page=21","","https://pandacd.io/release/84-get-confident-stupid/","null","null","Christian McKee","Christian McKee – Get Confident, Stupid [2011] [EP]"
"1648562530-507","https://pandacd.io/index.php?order_by=seeders&page=17","","https://pandacd.io/release/445-simplicity-if-nothing-else/","Download","https://pandacd.io/index.php?p=release&action=download&id=1004","Nostalgic Story","Nostalgic Story – Simplicity If Nothing Else [2012] [Album]"
"1648562359-431","https://pandacd.io/index.php?order_by=seeders&page=20","","https://pandacd.io/release/64-dialect/","null","null","dialect","dialect – dialect [2009] [Album]"
"1648562519-502","https://pandacd.io/index.php?order_by=seeders&page=17","","https://pandacd.io/release/509-i-just-wanna-listen-to-iron-maiden/","null","null","XsaladcrusherX","XsaladcrusherX – I Just Wanna Listen To Iron Maiden [2012] [EP]"
"1648562482-486","https://pandacd.io/index.php?order_by=seeders&page=18","","https://pandacd.io/release/532-still-sampler/","null","null","Weekend Nachos","Weekend Nachos – Still (Sampler) [2013] [Single]"
"1648562325-416","https://pandacd.io/index.php?order_by=seeders&page=21","","https://pandacd.io/release/95-creating-worlds/","null","null","Dom The Bear","Dom The Bear – Creating Worlds [2011] [Album]"
"1648562594-515","https://pandacd.io/index.php?order_by=seeders&page=17","","https://pandacd.io/release/415-warrior/","Download","https://pandacd.io/index.php?p=release&action=download&id=933","Big Mean Sound Machine","Big Mean Sound Machine – Warrior [2012] [Album]"
"1648562299-404","https://pandacd.io/index.php?order_by=seeders&page=21","","https://pandacd.io/release/114-the-nevercity-memories/","null","null","Bekeschus","Bekeschus and The Marx Trukker – The Nevercity Memories [2011] [EP]"
"1648562376-439","https://pandacd.io/index.php?order_by=seeders&page=20","","https://pandacd.io/release/5-the-scrams/","null","null","The Scrams","The Scrams – The Scrams [2010] [Album]"
"1648562527-506","https://pandacd.io/index.php?order_by=seeders&page=17","","https://pandacd.io/release/486-shame/","null","null","No Omega","No Omega – Shame [2013] [Album]"
"1648562398-449","https://pandacd.io/index.php?order_by=seeders&page=20","","https://pandacd.io/release/713-spectacullah/","null","null","Cullah","Cullah – Spectacullah [2019] [Album]"
"1648562415-456","https://pandacd.io/index.php?order_by=seeders&page=19","","https://pandacd.io/release/660-blue-again/","Download","https://pandacd.io/index.php?p=release&action=download&id=1558","Demon Cleaner","Demon Cleaner – Blue Again [2014] [Album]"
"1648562587-512","https://pandacd.io/index.php?order_by=seeders&page=17","","https://pandacd.io/release/423-broken-fences/","Download","https://pandacd.io/index.php?p=release&action=download&id=950","Broken Fences","Broken Fences – Broken Fences [2012] [Album]"
"1648562301-405","https://pandacd.io/index.php?order_by=seeders&page=21","","https://pandacd.io/release/112-exploratory-button-pushing/","null","null","1dB","1dB – Exploratory Button Pushing [2011] [EP]"
"1648562465-478","https://pandacd.io/index.php?order_by=seeders&page=18","","https://pandacd.io/release/546-dogapede/","null","null","Deer Legs","Deer Legs – Dogapede [2013] [Album]"
"1648562333-420","https://pandacd.io/index.php?order_by=seeders&page=21","","https://pandacd.io/release/90-asynchronous-io/","null","null","Datacrashrobot","Datacrashrobot – Asynchronous I/O [2011] [Album]"
"1648562512-499","https://pandacd.io/index.php?order_by=seeders&page=17","","https://pandacd.io/release/512-live-and-learn/","null","null","XsaladcrusherX","XsaladcrusherX – Live And Learn [2012] [EP]"
"1648562312-410","https://pandacd.io/index.php?order_by=seeders&page=21","","https://pandacd.io/release/102-purtati-de-vant/","null","null","Keno","Keno – Purtati de vant [2010] [Single]"
"1648562344-425","https://pandacd.io/index.php?order_by=seeders&page=21","","https://pandacd.io/release/82-the-place-that-i-call-home/","null","null","Perfect Me","Perfect Me – The Place That I Call Home [2010] [EP]"
"1648562472-481","https://pandacd.io/index.php?order_by=seeders&page=18","","https://pandacd.io/release/542-dawn-of-the-braindead/","null","null","The Braindead Gang","The Braindead Gang – Dawn of the Braindead [2012] [Mixtape]"
"1648562532-508","https://pandacd.io/index.php?order_by=seeders&page=17","","https://pandacd.io/release/444-asimov-music-inspired-by-the-writings-of/","Download","https://pandacd.io/index.php?p=release&action=download&id=1002","Lee Rosevere","Lee Rosevere – Asimov (music inspired by the writings of) [2012] [Album]"
"1648562444-469","https://pandacd.io/index.php?order_by=seeders&page=19","","https://pandacd.io/release/636-new-day/","null","null","bertycox","bertycox – New Day [2009] [Album]"
"1648562351-427","https://pandacd.io/index.php?order_by=seeders&page=20","","https://pandacd.io/release/77-ep-volume-i/","null","null","Munn til Munn Metoden","Munn til Munn Metoden – EP Volume I [2010] [EP]"
"1648562448-471","https://pandacd.io/index.php?order_by=seeders&page=19","","https://pandacd.io/release/608-malignant-cove/","Download","https://pandacd.io/index.php?p=release&action=download&id=1471","adcBicycle","adcBicycle – Malignant Cove [2015] [Album]"
"1648562493-491","https://pandacd.io/index.php?order_by=seeders&page=18","","https://pandacd.io/release/521-the-stench-of-aquacat/","null","null","Aquacat","Aquacat and The Stench Of Death – The Stench Of Aquacat [2013] [EP]"
"1648562506-497","https://pandacd.io/index.php?order_by=seeders&page=18","","https://pandacd.io/release/515-scumstache/","null","null","XsaladcrusherX","XsaladcrusherX – Scumstache [2012] [EP]"
"1648562495-492","https://pandacd.io/index.php?order_by=seeders&page=18","","https://pandacd.io/release/520-the-northern-darkness-marches-through-the-coldest-night/","null","null","Funeral Hammer","Funeral Hammer and XsaladcrusherX – The Northern Darkness Marches Through The Coldest Night [2013] [EP]"
"1648562383-442","https://pandacd.io/index.php?order_by=seeders&page=20","","https://pandacd.io/release/748-mobius-red/","null","null","Serious Mastering","Serious Mastering – Mobius - Red [2020] [Album]"
"1648562459-475","https://pandacd.io/index.php?order_by=seeders&page=18","","https://pandacd.io/release/559-love-the-drummer/","null","null","QQROACH","QQROACH – LOVE THE DRUMMER [2014] [Single]"
"1648562295-402","https://pandacd.io/index.php?order_by=seeders&page=21","","https://pandacd.io/release/125-hardcore-fix-vol-two-the-stocking-filler/","null","null","DJ Davies","DJ Davies and MC Skatty – Hardcore Fix Vol Two (The Stocking Filler) [2010] [Demo]"
"1648562404-451","https://pandacd.io/index.php?order_by=seeders&page=19","","https://pandacd.io/release/677-ex-woes/","null","null","Now Endeavor","Now Endeavor – Ex & Woes [2015] [Album]"
"1648562609-521","https://pandacd.io/index.php?order_by=seeders&page=17","","https://pandacd.io/release/331-z/","Download","https://pandacd.io/index.php?p=release&action=download&id=688","equalszee","equalszee – =Z [2011] [Album]"
"1648562421-459","https://pandacd.io/index.php?order_by=seeders&page=19","","https://pandacd.io/release/654-everyting-so-stoned-everything-is-bad/","Download","https://pandacd.io/index.php?p=release&action=download&id=1545","Helicalin","Helicalin – Everyting So Stoned, Everything Is Bad [2015] [EP]"
"1648562467-479","https://pandacd.io/index.php?order_by=seeders&page=18","","https://pandacd.io/release/545-%c2%ad/","null","null","XsaladcrusherX","XsaladcrusherX – ­- [2013] [Album]"
"1648562600-518","https://pandacd.io/index.php?order_by=seeders&page=17","","https://pandacd.io/release/400-orange-forest/","Download","https://pandacd.io/index.php?p=release&action=download&id=888","Gavin Coetzee","Gavin Coetzee – Orange Forest [2011] [Album]"
"1648562413-455","https://pandacd.io/index.php?order_by=seeders&page=19","","https://pandacd.io/release/661-s-c-i-e-n-c-e/","Download","https://pandacd.io/index.php?p=release&action=download&id=1560","Elephant In The Room","Elephant In The Room – S-C-I-E-N-C-E [2014] [EP]"
"1648562510-498","https://pandacd.io/index.php?order_by=seeders&page=17","","https://pandacd.io/release/514-fuck/","null","null","XsaladcrusherX","XsaladcrusherX – Fuck. [2012] [EP]"
"1648562372-437","https://pandacd.io/index.php?order_by=seeders&page=20","","https://pandacd.io/release/32-gambling-on-the-richter-scale/","null","null","Kowloon Walled City","Kowloon Walled City – Gambling on the Richter Scale [2009] [Album]"
"1648562489-489","https://pandacd.io/index.php?order_by=seeders&page=18","","https://pandacd.io/release/527-this-should/","Download","https://pandacd.io/index.php?p=release&action=download&id=1361","seedmole","seedmole – This Should [2012] [Album]"
"1648562361-432","https://pandacd.io/index.php?order_by=seeders&page=20","","https://pandacd.io/release/61-the-mercy-untold/","null","null","Society's Plague","Society's Plague – The Mercy Untold [2009] [EP]"
"1648562437-466","https://pandacd.io/index.php?order_by=seeders&page=19","","https://pandacd.io/release/640-free-climb/","null","null","bertycox","bertycox – Free Climb [2009] [Album]"
"1648562589-513","https://pandacd.io/index.php?order_by=seeders&page=17","","https://pandacd.io/release/419-for-clouds/","Download","https://pandacd.io/index.php?p=release&action=download&id=942","Stories From The Lost","Stories From The Lost – For Clouds [2012] [Album]"
"1648562389-445","https://pandacd.io/index.php?order_by=seeders&page=20","","https://pandacd.io/release/744-life/","null","null","Serious Mastering","Serious Mastering – Life [2017] [Album]"
"1648562457-474","https://pandacd.io/index.php?order_by=seeders&page=18","","https://pandacd.io/release/562-river-radio-edit/","Download","https://pandacd.io/index.php?p=release&action=download&id=1418","QQROACH","QQROACH – RIVER (Radio Edit) [2014] [Single]"
"1648562411-454","https://pandacd.io/index.php?order_by=seeders&page=19","","https://pandacd.io/release/662-should-we-make-it-xxxtra-creamy/","Download","https://pandacd.io/index.php?p=release&action=download&id=1562","The Jim Tablowski Experience","The Jim Tablowski Experience – SHOULD WE MAKE IT XXXTRA CREAMY ?? [2015] [Album]"
"1648562316-412","https://pandacd.io/index.php?order_by=seeders&page=21","","https://pandacd.io/release/99-loophole/","null","null","Greendjohn","Greendjohn – Loophole [2011] [Album]"
"1648562428-462","https://pandacd.io/index.php?order_by=seeders&page=19","","https://pandacd.io/release/644-brain-washing/","null","null","bertycox","bertycox – Brain Washing [2009] [Album]"
"1648562585-511","https://pandacd.io/index.php?order_by=seeders&page=17","","https://pandacd.io/release/428-a-private-sea/","Download","https://pandacd.io/index.php?p=release&action=download&id=962","Commonplaces","Commonplaces – A private sea [2011] [Album]"
"1648562423-460","https://pandacd.io/index.php?order_by=seeders&page=19","","https://pandacd.io/release/648-synesthetism/","null","null","bertycox","bertycox – Synesthetism [2009] [Album]"
"1648562387-444","https://pandacd.io/index.php?order_by=seeders&page=20","","https://pandacd.io/release/746-silent/","null","null","Serious Mastering","Serious Mastering – Silent [2015] [Album]"
"1648562591-514","https://pandacd.io/index.php?order_by=seeders&page=17","","https://pandacd.io/release/417-good-hearted-woman/","Download","https://pandacd.io/index.php?p=release&action=download&id=938","Maharajah","Maharajah with Charl and H-sie – Good Hearted Woman [2012] [Album]"
"1648562497-493","https://pandacd.io/index.php?order_by=seeders&page=18","","https://pandacd.io/release/519-splat/","null","null","bugXpunch","bugXpunch and XsaladcrusherX – Splat! [2012] [EP]"
"1648562357-430","https://pandacd.io/index.php?order_by=seeders&page=20","","https://pandacd.io/release/68-%d0%bf%d0%be%d0%b3%d0%bb%d0%b5%d0%b4%d1%8a%d1%82-%d0%bd%d0%b0-%d1%81%d1%8a%d0%b7%d0%b5%d1%80%d1%86%d0%b0%d1%82%d0%b5%d0%bb%d1%8f-the-eye-of-the-beholder/","null","null","Velislav Ivanov","Velislav Ivanov – Погледът на съзерцателя (The Eye of the Beholder) [2010] [Album]"
"1648562385-443","https://pandacd.io/index.php?order_by=seeders&page=20","","https://pandacd.io/release/747-synfonie/","null","null","Serious Mastering","Serious Mastering – Synfonie [2009] [Album]"
"1648562307-408","https://pandacd.io/index.php?order_by=seeders&page=21","","https://pandacd.io/release/106-heartbox/","null","null","Suhov","Suhov – Heartbox [2011] [Album]"
"1648562320-414","https://pandacd.io/index.php?order_by=seeders&page=21","","https://pandacd.io/release/97-bring-it-down/","null","null","someone else","someone else – bring it down [2010] [EP]"
"1648562470-480","https://pandacd.io/index.php?order_by=seeders&page=18","","https://pandacd.io/release/544-camerons-friends-dick/","null","null","XsaladcrusherX","XsaladcrusherX – Cameron's Friend's Dick [2013] [EP]"
"1648562417-457","https://pandacd.io/index.php?order_by=seeders&page=19","","https://pandacd.io/release/659-1111/","Download","https://pandacd.io/index.php?p=release&action=download&id=1556","Big Joe Daddy","Big Joe Daddy – 11:11 [2014] [Album]"
"1648562355-429","https://pandacd.io/index.php?order_by=seeders&page=20","","https://pandacd.io/release/73-bit-children/","null","null","Zhe Nhir","Zhe Nhir – Bit Children [2009] [Album]"
"1648562502-495","https://pandacd.io/index.php?order_by=seeders&page=18","","https://pandacd.io/release/517-fuck-your-shit/","null","null","XsaladcrusherX","XsaladcrusherX – Fuck Your Shit [2012] [EP]"
"1648562426-461","https://pandacd.io/index.php?order_by=seeders&page=19","","https://pandacd.io/release/647-the-signal/","null","null","bertycox","bertycox – The Signal [2010] [Album]"
"1648562521-503","https://pandacd.io/index.php?order_by=seeders&page=17","","https://pandacd.io/release/508-turbo-speed/","null","null","XsaladcrusherX","XsaladcrusherX – Turbo Speed! [2012] [EP]"
"1648562480-485","https://pandacd.io/index.php?order_by=seeders&page=18","","https://pandacd.io/release/534-wheel-of-distortion/","null","null","Japanese Torture Comedy Hour","Japanese Torture Comedy Hour – Wheel Of Distortion [2011] [Album]"
"1648562504-496","https://pandacd.io/index.php?order_by=seeders&page=18","","https://pandacd.io/release/516-land-before-grind/","null","null","XsaladcrusherX","XsaladcrusherX – Land Before Grind [2012] [EP]"
"1648562491-490","https://pandacd.io/index.php?order_by=seeders&page=18","","https://pandacd.io/release/524-bad-times-before/","null","null","The Jonny Monster Band","The Jonny Monster Band – Bad Times Before [2013] [Album]"
"1648562487-488","https://pandacd.io/index.php?order_by=seeders&page=18","","https://pandacd.io/release/528-converzhe/","Download","https://pandacd.io/index.php?p=release&action=download&id=1362","seedmole","seedmole – Converzhe [2012] [Album]"
"1648562523-504","https://pandacd.io/index.php?order_by=seeders&page=17","","https://pandacd.io/release/507-milxdread/","null","null","XsaladcrusherX","XsaladcrusherX – MILxDREAD [2013] [EP]"
