title,artist,magnet
Marvu – Underground Jazz [2010] [EP],Marvu,magnet:?xt=urn:btih:77efa41fc2eb77996b2fd2d2e7ea65b8db7f915c&dn=%5BFT005%5D+-+Marvu+-+Underground+Jazz+-+2010+-+Fantomton+-+mp3&tr=udp%3A%2F%2Ftracker.pandacd.io%3A2710
Is World – Turning [2010] [EP],Is World,magnet:?xt=urn:btih:593643871726261298e4806a64f6a3be4ecaa3b3&dn=Is+World-+Turning+EP+MP3+vO&tr=udp%3A%2F%2Ftracker.pandacd.io%3A2710
...And Stars Collide – ...And Stars Collide [2008] [EP],...And Stars Collide,magnet:?xt=urn:btih:077293393f826c6bc1ccf8ff5377e325a88fbf77&dn=And_Stars_Collide-And_Stars_Collide-(EP)-2008-FNT&tr=udp%3A%2F%2Ftracker.pandacd.io%3A2710
Sadsic – [sun] [2009] [EP],Sadsic,magnet:?xt=urn:btih:ad04b4cab2d25322b55f941ad64d18f1ae28138e&dn=Sadsic+-+%5Bsun%5D&tr=udp%3A%2F%2Ftracker.pandacd.io%3A2710
Boreals – Rome [2011] [EP],Boreals,magnet:?xt=urn:btih:2f515edefd669e6e1801a0016020719567908dfc&dn=Boreals+-+Rome+EP+(2011)+320&tr=udp%3A%2F%2Ftracker.pandacd.io%3A2710
Decks – Yr Sucha Deck [2011] [EP],Decks,magnet:?xt=urn:btih:9d90d01ae957e1ca4aaab7339d380e6d3750bfaf&dn=Decks+-+Yr+Sucha+Deck+(2011)+320&tr=udp%3A%2F%2Ftracker.pandacd.io%3A2710
Seatraffic – Seatraffic [2011] [EP],Seatraffic,magnet:?xt=urn:btih:c7aa866a3ab0c45535392bd4e8cf0564590e7139&dn=Seatraffic+(MP3+320)&tr=udp%3A%2F%2Ftracker.pandacd.io%3A2710
Awake in Sleep – Awake in Sleep [2011] [EP],Awake in Sleep,magnet:?xt=urn:btih:9a5547367153e156c6a57344b829d0411fc5a073&dn=Awake+in+Sleep+-+Awake+in+Sleep+(2011)+320&tr=udp%3A%2F%2Ftracker.pandacd.io%3A2710
Howth – Belly of the Beast [2011] [Single],Howth,magnet:?xt=urn:btih:64eb3dacb580fb99a51ad8e11a6963d3544f0efd&dn=Howth+-+Belly+of+the+Beast+(2011)+320&tr=udp%3A%2F%2Ftracker.pandacd.io%3A2710
Casey LaLonde – In June (Stems) [2010] [Stems],Casey LaLonde,magnet:?xt=urn:btih:8e95ad876ac88a8dbef36afe2875a606a94d018b&dn=Casey+LaLonde+-+In+June+(Stems)+(2010)+-+320&tr=udp%3A%2F%2Ftracker.pandacd.io%3A2710
Efflorescent – Everything Was [2011] [EP],Efflorescent,magnet:?xt=urn:btih:d6bae659d2702dc442412e2d9d03344831b84eb2&dn=Efflorescent+-+%5B2011%5D+Everything+Was+%5BV0%5D&tr=udp%3A%2F%2Ftracker.pandacd.io%3A2710
Great American Desert – Live on 90.3 KRNU [2011] [Live album],Great American Desert,magnet:?xt=urn:btih:45268f081de0d28199f60ac0420f62a12a3f10b3&dn=South+of+Lincoln+-+Live+on+90.3+KRNU+(2011)+FLAC&tr=udp%3A%2F%2Ftracker.pandacd.io%3A2710
The Echelon Effect – Seasons Part 1 [2011] [Album],The Echelon Effect,magnet:?xt=urn:btih:78e4c8a05a8135b1ebbcf27690f6e160d041c46c&dn=The+Echelon+Effect+-+Seasons+Part+1+(2011)+320&tr=udp%3A%2F%2Ftracker.pandacd.io%3A2710
Crystal Boys – Skeletons [2011] [Album],Crystal Boys,magnet:?xt=urn:btih:dab267191e9785c32eec6aa01551fdf4a439f3f1&dn=Crystal+Boys+-+Skeletons+(2011)+320&tr=udp%3A%2F%2Ftracker.pandacd.io%3A2710
Zhe Nhir – Somnolence [2009] [EP],Zhe Nhir,magnet:?xt=urn:btih:3fe0303e08468b6b7b2509bebcbeb3a4f6a561ca&dn=Zhe+Nhir+-+Somnolence+V0&tr=udp%3A%2F%2Ftracker.pandacd.io%3A2710
Panda Dub – Horizons [2019] [Album],Panda Dub,magnet:?xt=urn:btih:3691ee9e059c5b86e6716a5a2b3345ad9760a980&dn=Panda+Dub+-+Horizons+(320)&tr=udp%3A%2F%2Ftracker.pandacd.io%3A2710
Nobody Wave – Headgeared [2010] [Album],Nobody Wave,magnet:?xt=urn:btih:68ba72416b6eff5e7b8d7378a0d6c2539b7380a7&dn=Nobody+Wave+-+Headgeared+%5B2010-MP3-V0-VBR%5D&tr=udp%3A%2F%2Ftracker.pandacd.io%3A2710
Josh Mease – Wilderness [2009] [Album],Josh Mease,magnet:?xt=urn:btih:c025aae06adad90ec1a976380dde67e387783bd6&dn=Josh+Mease+-+Wilderness+(V0)&tr=udp%3A%2F%2Ftracker.pandacd.io%3A2710
Sadsic – [birthday] [2009] [EP],Sadsic,magnet:?xt=urn:btih:a56c77e84d69b9a2628e35cf92879dd16ba36d68&dn=Sadsic+-+%5Bbirthday%5D&tr=udp%3A%2F%2Ftracker.pandacd.io%3A2710
The Distnce – Dry Land [2011] [Single],The Distnce,magnet:?xt=urn:btih:32f03af132b8b408315567d865754e72d8094d3f&dn=The+Distnce+-+Dry+Land+(320).mp3&tr=udp%3A%2F%2Ftracker.pandacd.io%3A2710
Chris Zabriskie – Vendaface [2010] [Album],Chris Zabriskie,magnet:?xt=urn:btih:0907a19823631445e5e1e182a6cde3336601fb0e&dn=Chris+Zabriskie+-+Vendaface+(2010)+FLAC&tr=udp%3A%2F%2Ftracker.pandacd.io%3A2710
JKD – campus [2012] [EP],JKD,magnet:?xt=urn:btih:57eadf74e4edc381392a122a2c6e44defca58d3d&dn=JKD+-+campus+(2012)+320&tr=udp%3A%2F%2Ftracker.pandacd.io%3A2710
Wet Wings – Skin to Soil [2010] [EP],Wet Wings,magnet:?xt=urn:btih:896eda1ca91099ab8c683bc39ae7cbcc98bca006&dn=Wet+Wings+-+Skin+to+Soil+(2010)+320&tr=udp%3A%2F%2Ftracker.pandacd.io%3A2710
Velislav Ivanov – Тъй близко до самия небосвод (So close to the sky itself) [2008] [Album],Velislav Ivanov,magnet:?xt=urn:btih:41e15bac40da67fb97bb19e17adff304ac619a23&dn=So+close+to+the+sky+itself&tr=udp%3A%2F%2Ftracker.pandacd.io%3A2710
My bubba & Mi – Wild & You [2011] [EP],My bubba & Mi,magnet:?xt=urn:btih:7775557829f1c547bba0024ad2bc9c704abab97a&dn=My+bubba+%26+Mi+-+Wild+%26+You+(2011)+320&tr=udp%3A%2F%2Ftracker.pandacd.io%3A2710
Adore – Distorted Minds [2010] [Album],Adore,magnet:?xt=urn:btih:3fd3beaabd01c40a5e3dbaaa8fd683e7d4652ef5&dn=Adore+-+%5B2010%5D+Distorted+Minds+(A)+%5BV0%5D&tr=udp%3A%2F%2Ftracker.pandacd.io%3A2710
Squanto – Go Go Gadget Grass Stains [2009] [Album],Squanto,magnet:?xt=urn:btih:88a0ea668f67c2716b7415ca5237902a97d3fbe5&dn=Go+Go+Gadget+Grass+Stains&tr=udp%3A%2F%2Ftracker.pandacd.io%3A2710
Tortilla Pass – The Secret Deity [2012] [EP],Tortilla Pass,magnet:?xt=urn:btih:d8d82b106361dfb73199d6bf993621b032be01b1&dn=Tortilla+Pass+-+The+Secret+Deity+(2012)+320&tr=udp%3A%2F%2Ftracker.pandacd.io%3A2710
Boatrocker – Delicious Jams [2011] [Album],Boatrocker,magnet:?xt=urn:btih:799927b1c7e89920ccfd3140fe8a507b64c0b132&dn=Boatrocker+-+Delicious+Jams&tr=udp%3A%2F%2Ftracker.pandacd.io%3A2710
UV Tourist – I Thought You Were Drone [2011] [EP],UV Tourist,magnet:?xt=urn:btih:5c8bc0399ebea714abed8371a4797f5400bb1a02&dn=UV+Tourist+-+I+Thought+You+Were+Drone+%5B320%5D&tr=udp%3A%2F%2Ftracker.pandacd.io%3A2710
Oven Rake – Dead Bear Mountain [2010] [Album],Oven Rake,magnet:?xt=urn:btih:70c727a939ae16dde7b0535af0912bb6bd4b9504&dn=Oven+Rake+-+Dead+Bear+Mountain+(2010)+320&tr=udp%3A%2F%2Ftracker.pandacd.io%3A2710
Holmes – Wolves [2008] [Album],Holmes,magnet:?xt=urn:btih:f66dafc9b4d8db41d7dd7c653b30f6290dfc342e&dn=Holmes+-+Wolves+(2008)+320&tr=udp%3A%2F%2Ftracker.pandacd.io%3A2710
The Echelon Effect – Seasons Part 2 [2011] [Album],The Echelon Effect,magnet:?xt=urn:btih:90209e9b32d5ad7805d4801f778eb8562396a543&dn=The+Echelon+Effect+-+Seasons+Part+2+(2011)+320&tr=udp%3A%2F%2Ftracker.pandacd.io%3A2710
Sadsic – Symbol 2 [2012] [Album],Sadsic,magnet:?xt=urn:btih:0885b5801d5fb3ef5f1cabc531bfb7c1b0c82d5a&dn=Sadsic+-+Symbol+2+(2012)+320&tr=udp%3A%2F%2Ftracker.pandacd.io%3A2710
ARCHNGL with Liisa Lagoun – ARCHNGL [2011] [EP],ARCHNGL,magnet:?xt=urn:btih:990f1a658ad07e525ac5fb7ba1718beb76feaac0&dn=ARCHNGL+-+ARCHNGL+(2011)+320&tr=udp%3A%2F%2Ftracker.pandacd.io%3A2710
Adey – Rogue [2011] [Album],Adey,magnet:?xt=urn:btih:0df1faf0103e81e717ea2078fb67697f566e260e&dn=Adey+-+Rogue+(320)&tr=udp%3A%2F%2Ftracker.pandacd.io%3A2710
You Me and The People – From the Attic [2011] [Demo],You Me and The People,magnet:?xt=urn:btih:04aed31a2d5faa6568d86e3d6c376ee6e8b12215&dn=You+Me+and+The+People+-+From+the+Attic+(demos)+(2011)+320&tr=udp%3A%2F%2Ftracker.pandacd.io%3A2710
Judd Madden – Float [2011] [Album],Judd Madden,magnet:?xt=urn:btih:0eee6b7a979928cfceb1a014e7e8beafd4b9128f&dn=Judd+Madden+-+Float+(2011)+320&tr=udp%3A%2F%2Ftracker.pandacd.io%3A2710
Asylum Voyage – Amnesty [2011] [EP],Asylum Voyage,magnet:?xt=urn:btih:2c52d343a16ad3ba8ab87e084f2ea09b21058d89&dn=Asylum+Voyage+-+Amnesty+(2011)+320&tr=udp%3A%2F%2Ftracker.pandacd.io%3A2710
Inca Gold – Inca Gold III [2012] [EP],Inca Gold,magnet:?xt=urn:btih:4a9e0c8cbaefdd8a09349c3dd01fb862a5e07127&dn=Inca+Gold+-+Inca+Gold+III+(2011)+320&tr=udp%3A%2F%2Ftracker.pandacd.io%3A2710
Neff & Kenney with Leviathan Jones – Arecibo [2010] [Album],Neff & Kenney,magnet:?xt=urn:btih:2ea0a13bee402bf6985b76931f9465a828ba1b62&dn=Neff+%26+Kenney+-+Arecibo&tr=udp%3A%2F%2Ftracker.pandacd.io%3A2710
Kalle Kaasinen – ILME [2011] [EP],Kalle Kaasinen,magnet:?xt=urn:btih:07197058b6304613efa3ca5b361f957a8837981d&dn=Kalle+Kaasinen+-+ILME+(2011)+320+&tr=udp%3A%2F%2Ftracker.pandacd.io%3A2710
Hijos de Mayo – In Sound Underground [2011] [Album],Hijos de Mayo,magnet:?xt=urn:btih:195553cb435a7fc9baada662f286a931855158bf&dn=Hijos+de+Mayo+-+album+name%0AIn+Sound+Underground+(2011)+320&tr=udp%3A%2F%2Ftracker.pandacd.io%3A2710
Creepers – Songs From the Green House [2011] [EP],Creepers,magnet:?xt=urn:btih:7fa0df700ef944ba83fce2c7f0d26ec2604bddbb&dn=Creepers+-+Songs+From+the+Green+House+(2011)+320&tr=udp%3A%2F%2Ftracker.pandacd.io%3A2710
Luke Seymoup – Burnett Street [2018] [EP],Luke Seymoup,magnet:?xt=urn:btih:b14b3f0bf034ae6e6cf6a1f68796070d3e62fa64&dn=Luke+Seymoup+-+Burnett+Street+(320)&tr=udp%3A%2F%2Ftracker.pandacd.io%3A2710
mote. – dust particle [2012] [EP],mote.,magnet:?xt=urn:btih:e10392e1fe884054d8e158a3da588f36bd87b70d&dn=mote.+-+dust+particle+EP+MP320&tr=udp%3A%2F%2Ftracker.pandacd.io%3A2710
Labbed – Labhits 2011 [2012] [Album],Labbed,magnet:?xt=urn:btih:d673a23f876499ddd2507dbb6b38e7423d7034aa&dn=Labbed+-+Labhits+2011+(2012)+320&tr=udp%3A%2F%2Ftracker.pandacd.io%3A2710
Bear Baiting – Bear Baiting [2011] [EP],Bear Baiting,magnet:?xt=urn:btih:b494c730bd342830090abf86b0b5645185fe8c9b&dn=Bear+Baiting+-+Bear+Baiting+E.P+(2011)+320&tr=udp%3A%2F%2Ftracker.pandacd.io%3A2710
Sledding With Tigers – WOAHbots! (And People) [2009] [Album],Sledding With Tigers,magnet:?xt=urn:btih:403586849e8c2567193ba689c83d376556d67be4&dn=WOAHBOTS&tr=udp%3A%2F%2Ftracker.pandacd.io%3A2710
Burdeos – The Other Space Stories [2011] [Remix],Burdeos,magnet:?xt=urn:btih:389e1a84c1ab10198bff26931bd70e246ff749a6&dn=vbr&tr=udp%3A%2F%2Ftracker.pandacd.io%3A2710
Conveyor – Mukraker [2012] [Single],Conveyor,magnet:?xt=urn:btih:cffbeafed82236e915c2013a8b64dbe11a8bcba7&dn=Conveyor+-+Mukraker+(2012)+320&tr=udp%3A%2F%2Ftracker.pandacd.io%3A2710
Aavepyörä – Tie ja vaeltaja [2008] [Album],Aavepyörä,magnet:?xt=urn:btih:595bdf59711b73dcb59eb6d2b1a70dc343754f27&dn=Aavepyora+-+Tie+ja+vaeltaja+(2009)+320&tr=udp%3A%2F%2Ftracker.pandacd.io%3A2710
Nostalgic Story – The Last Stretch In This Direction [2011] [Album],Nostalgic Story,magnet:?xt=urn:btih:fe4ed2251f6b329a47a49554819501db35575858&dn=Nostalgic+Story+-+The+Last+Stretch+In+This+Direction+(2011)+320&tr=udp%3A%2F%2Ftracker.pandacd.io%3A2710
Luke Seymoup – Hand-Me-Downs [2018] [Single],Luke Seymoup,magnet:?xt=urn:btih:e3b0b5909fc40b5c0edfc45d335d3fdecfc7caab&dn=Luke+Seymoup+-+Hand-Me-Downs+(320)&tr=udp%3A%2F%2Ftracker.pandacd.io%3A2710
wecollectskies – Of Clouds [2011] [EP],wecollectskies,magnet:?xt=urn:btih:529dea98d589406ca41cc9aa0e20d473e47c8f42&dn=wecollectskies+-+Of+Clouds+(2011)+320&tr=udp%3A%2F%2Ftracker.pandacd.io%3A2710
equalszee – This is Peculiar [2009] [EP],equalszee,magnet:?xt=urn:btih:4b1b974e0036b64e73c2dd5ece6a7e7f57e96e51&dn=equalszee+-+This+is+Peculiar+(V0)&tr=udp%3A%2F%2Ftracker.pandacd.io%3A2710
Nevermind the Name – A Gaze into the Abyss [2011] [Album],Nevermind the Name,magnet:?xt=urn:btih:ef2911f88357ad9e57f4489b28d3fe9d8efcb590&dn=Nevermind+the+Name+-+A+Gaze+into+the+Abyss+(2011)+320&tr=udp%3A%2F%2Ftracker.pandacd.io%3A2710
KIDS. and Sledding With Tigers – Sledding With Tigers/KIDS. Split [2011] [Album],KIDS.,magnet:?xt=urn:btih:8648bd27e087a7e5470ec25432fcd1c43ed94cab&dn=Sledding+With+Tigers%E2%80%8B.KIDS.+Split%0A-+Sledding+With+Tigers+(2011)+320&tr=udp%3A%2F%2Ftracker.pandacd.io%3A2710
Luke Seymoup – Poke'Gods [2019] [EP],Luke Seymoup,magnet:?xt=urn:btih:0a2426a11ef6a49a5d656a7972aeef9b3b71f1a1&dn=Luke+Seymoup+-+Poke'Gods+(320)&tr=udp%3A%2F%2Ftracker.pandacd.io%3A2710
Clouds as Oceans – TIDES [2011] [EP],Clouds as Oceans,magnet:?xt=urn:btih:276100a865ca00179d39d33ad758c507302a3a90&dn=Clouds+as+Oceans+-+TIDES+(2011)+320&tr=udp%3A%2F%2Ftracker.pandacd.io%3A2710
ch4rl33 – Moving Down Motions [2009] [Album],ch4rl33,magnet:?xt=urn:btih:ebdb433406c4cb270fe389bdfad586042699d093&dn=Moving+Down+Motions+(V0)&tr=udp%3A%2F%2Ftracker.pandacd.io%3A2710
ch4rl33 – The Way [2010] [Album],ch4rl33,magnet:?xt=urn:btih:fa95b6440adb75075a4b11daba710f1f91e876a4&dn=Charlee+-+The+Way+(V0)&tr=udp%3A%2F%2Ftracker.pandacd.io%3A2710
Consciousness Removal Project – The Last Season [2011] [Album],Consciousness Removal Project,magnet:?xt=urn:btih:3c8a11292446eb5f271f561fc364c1065d5ffd51&dn=Consciousness+Removal+Project+-+The+Last+Season+320&tr=udp%3A%2F%2Ftracker.pandacd.io%3A2710
Guppies – In Reference to Something Forgotten [2009] [Album],Guppies,magnet:?xt=urn:btih:265e6d9d6bf5714c2b5c5b5d7af8b97f6708d742&dn=Guppies+-+In+Reference+to+Something+Forgotten+(2009)+%5BV0%5D&tr=udp%3A%2F%2Ftracker.pandacd.io%3A2710
Athletes – Fall Apart [2011] [Single],Athletes,magnet:?xt=urn:btih:275be68a91d2774e57aaddddb67ffc1327d54a7a&dn=Athletes+-+Fall+Apart.mp3&tr=udp%3A%2F%2Ftracker.pandacd.io%3A2710
Synthcake – Musicophilia [2011] [EP],Synthcake,magnet:?xt=urn:btih:4acc8a7ec1d213243d0afba6acfc39eb97746b62&dn=Synthcake+-Musicophilia+(2011)+320&tr=udp%3A%2F%2Ftracker.pandacd.io%3A2710
Mon Petit Chou Chou – Headlights [2010] [EP],Mon Petit Chou Chou,magnet:?xt=urn:btih:1cf8ac618cd3a76ed8963f517a9b84ddc340ef6c&dn=Mon+Petit+Chou+Chou+-+Headlights+EP+(2010)+320&tr=udp%3A%2F%2Ftracker.pandacd.io%3A2710
Seb – Butter [2011] [EP],Seb,magnet:?xt=urn:btih:e61abc5ecd55168399d8572e96f4b540be0992c4&dn=Seb+-+Butter+V0+-+Waffles&tr=udp%3A%2F%2Ftracker.pandacd.io%3A2710
Flembaz – Prompt [2013] [EP],Flembaz,magnet:?xt=urn:btih:65d081965e043d0c3fa8ab981c34cb0a74a378e9&dn=Flembaz+-+Prompt+EP+mp3&tr=udp%3A%2F%2Ftracker.pandacd.io%3A2710
Addae Dans – Narcotic Lion [2011] [EP],Addae Dans,magnet:?xt=urn:btih:e2e4c893d7a1d1b76c32467773ae6036c3d16ff0&dn=Addae+Dans+-+Narcotic+Lion+EP+%5Bpanda.cd+Exclusive%5D+MP3&tr=udp%3A%2F%2Ftracker.pandacd.io%3A2710
Swamp – Three Cheers for the Firing Squad [2011] [EP],Swamp,magnet:?xt=urn:btih:a4936328dc62b4fd860e8d58f748e793144ae987&dn=Swamp+-+Three+Cheers+for+the+Firing+Squad+(2011)+320&tr=udp%3A%2F%2Ftracker.pandacd.io%3A2710
"The Black Atlantic – Darkling, I Listen [2012] [EP]",The Black Atlantic,magnet:?xt=urn:btih:10f184b2314dc3ca583e2f8d48dfb56480329cb2&dn=The+Black+Atlantic+-+Darkling%2C+I+Listen+(2012)+320&tr=udp%3A%2F%2Ftracker.pandacd.io%3A2710
Zhe Nhir – Zhe End is Nhir [2009] [Album],Zhe Nhir,magnet:?xt=urn:btih:acb16c733bef6a34e96f7c25fa76a479e6ebcc30&dn=Zhe+Nhir+-+Zhe+End+is+Nhir+(V0)&tr=udp%3A%2F%2Ftracker.pandacd.io%3A2710
Various Artists – Theory Of Everything [2012] [Compilation],null,magnet:?xt=urn:btih:f505275ad7d7fdfc1aa3daf4eeba5b9d563f1ee1&dn=I+Heart+Noise+-+Theory+Of+Everything+(320)+2012&tr=udp%3A%2F%2Ftracker.pandacd.io%3A2710
Sadsic – [b. now] [2011] [EP],Sadsic,magnet:?xt=urn:btih:ea3f3a3b4f587c15585a1835e897effe1f7cabe4&dn=Sadsic+-+%5Bb.+now%5D+V0&tr=udp%3A%2F%2Ftracker.pandacd.io%3A2710
The Amorist – The Amorist [2010] [EP],The Amorist,magnet:?xt=urn:btih:a765fd95bf11025bdf92401de45c5dd00e7db1d4&dn=The_Amorist-The_Amorist_EP&tr=udp%3A%2F%2Ftracker.pandacd.io%3A2710
Luke Seymoup – Uke Seymoup [2018] [EP],Luke Seymoup,magnet:?xt=urn:btih:ca3597997050b1ce93fe5a033cb8f79afc75f498&dn=Luke+Seymoup+-+Uke+Seymoup+(320)&tr=udp%3A%2F%2Ftracker.pandacd.io%3A2710
Torley – Glitch Piano [2011] [Album],Torley,magnet:?xt=urn:btih:9e6b0bb66ff2c1186a3c76c8622550ceb7e98187&dn=Torley+-+Glitch+Piano+(2011)+320&tr=udp%3A%2F%2Ftracker.pandacd.io%3A2710
Drunken Barn Dance – Grey Buried [2010] [Album],Drunken Barn Dance,magnet:?xt=urn:btih:a1b477d9789ed36504a24ba4fdb01a8195e21dcd&dn=Drunken+Barn+Dance+-+Grey+Buried+(MP3+-+V0)&tr=udp%3A%2F%2Ftracker.pandacd.io%3A2710
Sadsic – [b. forever] [2011] [EP],Sadsic,magnet:?xt=urn:btih:5e405d7235a82e6047575372eca281c04265dba6&dn=Sadsic+-+b.forever+(2011)+320&tr=udp%3A%2F%2Ftracker.pandacd.io%3A2710
Edamame with Drew Major and Rachael Braun – Greenhouse [2012] [Album],Edamame,magnet:?xt=urn:btih:119b78e23534b1854005fc322d5038bd8b40ec19&dn=Edamame+-+Greenhouse+(2012)+320&tr=udp%3A%2F%2Ftracker.pandacd.io%3A2710
Turn off your television – Turn off your television [2011] [Album],Turn off your television,magnet:?xt=urn:btih:9edf4b28d1c0c180797e20a46cbd8625582e08f3&dn=Turn+off+your+television+-+Turn+off+your+television+(2011)+320&tr=udp%3A%2F%2Ftracker.pandacd.io%3A2710
Disassembling Rainbows – Winchester [2011] [Album],Disassembling Rainbows,magnet:?xt=urn:btih:39d176f3acc36daf1db37c77e480450d32ebc4e4&dn=Winchester+-+Disassembling+Rainbows+(2011)+%5B320%5D&tr=udp%3A%2F%2Ftracker.pandacd.io%3A2710
Miners Club – LAND [2012] [Album],Miners Club,magnet:?xt=urn:btih:a442770ad267ef9921e88ac1ff4225f2d088db1f&dn=Miners+Club+-+LAND+(2012)+320&tr=udp%3A%2F%2Ftracker.pandacd.io%3A2710
Fire Spoken by the Buffalo – Hiatus [2011] [Album],Fire Spoken by the Buffalo,magnet:?xt=urn:btih:cbef206fa77958e69206c40c69f2a2a0636fba64&dn=Fire+Spoken+by+the+Buffalo+-+Hiatus+(2011)+320&tr=udp%3A%2F%2Ftracker.pandacd.io%3A2710
Ink – Domino Tones [2012] [Album],Ink,magnet:?xt=urn:btih:de78a510675a85f6f28157c712d45a7bb6cbb142&dn=Ink+-+Domino+Tones+(2012)+320&tr=udp%3A%2F%2Ftracker.pandacd.io%3A2710
Luke Seymoup – The Professional [2017] [Album],Luke Seymoup,magnet:?xt=urn:btih:c06194c2c3777ce7ab22c97cef6153895fd361e3&dn=Luke+Seymoup+-+The+Professional+(320)&tr=udp%3A%2F%2Ftracker.pandacd.io%3A2710
Zahir – Green Means Go [2007] [Album],Zahir,magnet:?xt=urn:btih:59410ae79d06790b8f718a9d24bcd94db99750e3&dn=Zahir+-+2007+-+Green+Means+Go+%5BV0%5D&tr=udp%3A%2F%2Ftracker.pandacd.io%3A2710
Terraformer – The Sea Shaper [2012] [Album],Terraformer,magnet:?xt=urn:btih:e9d49fd59a8369ffe6aa33b82b07dc5529f44f9e&dn=Terraformer+-+The+Sea+Shaper+(2011)+320&tr=udp%3A%2F%2Ftracker.pandacd.io%3A2710
Guppies – Live on Demolisten KXLU [2009] [Live album],Guppies,magnet:?xt=urn:btih:6adb4c94ffe8387d0676df09dfdb7be29138ec4c&dn=Guppies+2009.10.09+KXLU+Demolisten+(V0)&tr=udp%3A%2F%2Ftracker.pandacd.io%3A2710
Our Ceasing Voice – Live [2011] [Live album],Our Ceasing Voice,magnet:?xt=urn:btih:2bbd49f19801a2690602aabe86f4d063ce612eb9&dn=Our+Ceasing+Voice+-+Live+(2011)+320&tr=udp%3A%2F%2Ftracker.pandacd.io%3A2710
JimeCide – SBX Invasion Soundtrack [2014] [Soundtrack],JimeCide,magnet:?xt=urn:btih:e6fa645516f4b5610d41d0ce5c5a4e3aac90386d&dn=JimeCide+-+SBX+Invasion+Soundtrack+(320)&tr=udp%3A%2F%2Ftracker.pandacd.io%3A2710
Aidan Knight – Versicolour [2010] [Album],Aidan Knight,magnet:?xt=urn:btih:2e288fcac743fce846d0e8eb52c902c9889ddc65&dn=Aidan+Knight+-+Versicolour+(2010)+320&tr=udp%3A%2F%2Ftracker.pandacd.io%3A2710
YTCracker – earthbound - adventures of the sound stone vol. 1 [2012] [EP],YTCracker,magnet:?xt=urn:btih:080f10a1ee1a0d0706774bb9d0d513490d0cd885&dn=ytcracker+-+earthbound+-+adventures+of+the+sound+stone+vol.+1+(320)&tr=udp%3A%2F%2Ftracker.pandacd.io%3A2710
Sadsic – [bedroom emotions] [2009] [EP],Sadsic,magnet:?xt=urn:btih:6ff8128b5238a445b39ab3b73a56682040d49ed7&dn=Sadsic+-+%5Bbedroom+emotions%5D&tr=udp%3A%2F%2Ftracker.pandacd.io%3A2710
Neff & Kenney – Pipehammer [2009] [Album],Neff & Kenney,magnet:?xt=urn:btih:a0150e69b6c4cccb18944712b6748122a0d7f18f&dn=Neff+%26+Kenney+-+Pipehammer+%5B2009-mp3-v0%5D&tr=udp%3A%2F%2Ftracker.pandacd.io%3A2710
Flembaz – Tripalle [2014] [Album],Flembaz,magnet:?xt=urn:btih:1b7abfcae2db3bd242dd8b9f45bf3d1d0a463e05&dn=Flembaz+-+Tripalle+(320)&tr=udp%3A%2F%2Ftracker.pandacd.io%3A2710
Norfolk – The 71 Functions of Consciousness [2009] [Album],Norfolk,magnet:?xt=urn:btih:8bd879c1b687a54b292aa4b7b2cd8113a52947ee&dn=Norfolk+-+The+71+Functions+of+Consciousness+(V0)&tr=udp%3A%2F%2Ftracker.pandacd.io%3A2710
Time and Place – Scarlet [2011] [Album],Time and Place,magnet:?xt=urn:btih:543ebaed868410977214f02e57afebe85bba38d5&dn=Time+and+Place+-+Scarlet+(2011)&tr=udp%3A%2F%2Ftracker.pandacd.io%3A2710
Paul Stewart – Parkade Songs [2009] [EP],Paul Stewart,magnet:?xt=urn:btih:56c5bb1d43c53bc563fdf87f2d623ef4329cde91&dn=paul+stewart+-+Parkade+Songs+(2009)+320&tr=udp%3A%2F%2Ftracker.pandacd.io%3A2710
Kurt Lorenz – The General Analysis of Nature [2010] [EP],Kurt Lorenz,magnet:?xt=urn:btih:e03ce9d5d7379efec2301440bb5c44ecadba556b&dn=Kurt+Lorenz+-+The+General+Analysis+of+Nature+EP+(2010)+320&tr=udp%3A%2F%2Ftracker.pandacd.io%3A2710
Fire Spoken by the Buffalo – Air Your Grievance [2012] [EP],Fire Spoken by the Buffalo,magnet:?xt=urn:btih:d02058b8b4cfbd351f2c28657a6cdd5b465c9636&dn=Fire+Spoken+by+the+Buffalo+-+Air+Your+Grievance+(2012)+320&tr=udp%3A%2F%2Ftracker.pandacd.io%3A2710
Nostalgic Story – Silence Would Be Better [2011] [Album],Nostalgic Story,magnet:?xt=urn:btih:1d62bea89dd794d576b58acf3da0ac0e0fe2046d&dn=Nostalgic+Story+-+Silence+Would+Be+Better+(2011)+320&tr=udp%3A%2F%2Ftracker.pandacd.io%3A2710
Casey LaLonde – Thank You [2010] [Album],Casey LaLonde,magnet:?xt=urn:btih:c74e60ece7c061d8d48a305f49be0d81b3366fed&dn=Casey+LaLonde+-+In+Thank+You+(2010)+-+320&tr=udp%3A%2F%2Ftracker.pandacd.io%3A2710
Kamas – Vapor Blue Sensualize [2011] [Album],Kamas,magnet:?xt=urn:btih:3c2aa478d5a5a0c435286621d3e494c3836d745e&dn=Kamas+-+Vapor+Blue+Sensualize+(2011)+320&tr=udp%3A%2F%2Ftracker.pandacd.io%3A2710
weakness – WEAKNESS [2009] [Album],weakness,magnet:?xt=urn:btih:d95294d33fe31f8e24828cc386241dc59b6c9e8d&dn=weakness+-+WEAKNESS&tr=udp%3A%2F%2Ftracker.pandacd.io%3A2710
We Swim You Jump – We Swim You Jump [2008] [Album],We Swim You Jump,magnet:?xt=urn:btih:ed10e87e8e2b719af040acdb1620596b807684d0&dn=We+Swim+You+Jump+-+We+Swim+You+Jump+(2008%2C+V0)&tr=udp%3A%2F%2Ftracker.pandacd.io%3A2710
Sadsic – [static atlas] [2009] [EP],Sadsic,magnet:?xt=urn:btih:576d9a0576bb4c6153ac9dc02620d7b47ff5cf16&dn=Sadsic+-+%5Bstatic+atlas%5D&tr=udp%3A%2F%2Ftracker.pandacd.io%3A2710
crt_head – Turbo Force Gunmetal Zero [2020] [Album],crt_head,magnet:?xt=urn:btih:291559ce98033c08b2a9d3f17d78dc16ad7a84d0&dn=crt_head+-+Turbo+Force+Gunmetal+Zero+(320)&tr=udp%3A%2F%2Ftracker.pandacd.io%3A2710
cssc – After Tides [2011] [Album],cssc,magnet:?xt=urn:btih:f633435f430c3c02099a1cfdf6d2b650c7363b75&dn=cssc+-+After+Tides+(2011)+320&tr=udp%3A%2F%2Ftracker.pandacd.io%3A2710
Matt Stevens – Live In Blackpool [2011] [Live album],Matt Stevens,magnet:?xt=urn:btih:ccbf18d589ba8bd002fcb42b603b26da55f0ae2e&dn=Matt+Stevens+-+Live+In+Blackpool+(2011)+320&tr=udp%3A%2F%2Ftracker.pandacd.io%3A2710
Ptarmigan – Our Ancient Friends [2009] [Album],Ptarmigan,magnet:?xt=urn:btih:02cdc25461e6287d7b8d07cf242cc929fb5ef6a5&dn=Ptarmigan+-+Our+Ancient+Friends+-+V0&tr=udp%3A%2F%2Ftracker.pandacd.io%3A2710
Glander – Variations [2011] [Album],Glander,magnet:?xt=urn:btih:682026ba9c31fc1c68610b5f9df24a8089432a86&dn=Ogg&tr=udp%3A%2F%2Ftracker.pandacd.io%3A2710
ch4rl33 – The Why [2010] [EP],ch4rl33,magnet:?xt=urn:btih:dfc687e907a9b53c0752fffd0534aeb74064f129&dn=Charlee+-+The+Why+EP&tr=udp%3A%2F%2Ftracker.pandacd.io%3A2710
Sadsic – [sidewalk spark] [2009] [EP],Sadsic,magnet:?xt=urn:btih:1473b28287b8dfbd056117f09867ba44ca59e786&dn=Sadsic+-+%5Bsidewalk+spark%5D+V0&tr=udp%3A%2F%2Ftracker.pandacd.io%3A2710
Ruffin Poe – Hobo In A Pilot Cabin [2012] [EP],Ruffin Poe,magnet:?xt=urn:btih:b182e23f34c92eb1aae7481fce4022f4dd78aae2&dn=Ruffin+Poe++Hobo+In+A+Pilot+Cabin+EP+MP3+320&tr=udp%3A%2F%2Ftracker.pandacd.io%3A2710
Sadsic – Bastion [2012] [EP],Sadsic,magnet:?xt=urn:btih:223ec509d070a9a3c59a4f92638cb4f3be3a0db4&dn=Sadsic+-+Bastion+(2012)+320&tr=udp%3A%2F%2Ftracker.pandacd.io%3A2710
Swimming – EP [2011] [EP],Swimming,magnet:?xt=urn:btih:2d13d67c2bfd0c5fe3177668875db4675076072c&dn=Swimming+-+EP+(2011)+320&tr=udp%3A%2F%2Ftracker.pandacd.io%3A2710
Tall Tales – All we can do is sing [2012] [EP],Tall Tales,magnet:?xt=urn:btih:e3fb1309d5a4e83a12f442ccfabf2f832f6d40a5&dn=Tall+Tales+-+All+we+can+do+is+sing+(2012)+320&tr=udp%3A%2F%2Ftracker.pandacd.io%3A2710
SNOWMINE – LAMINATE PET ANIMAL [2011] [Album],SNOWMINE,magnet:?xt=urn:btih:28285befc651c273e9c06ddced0a2ecc32f13e26&dn=SNOWMINE+-+LAMINATE+PET+ANIMAL+(2011)+320&tr=udp%3A%2F%2Ftracker.pandacd.io%3A2710
Republicans Suck – Happy. [2010] [Single],Republicans Suck,magnet:?xt=urn:btih:e496300156c10df5046fe14b2ba3ff9ee0774efc&dn=Republicans+Suck+-+Happy..mp3&tr=udp%3A%2F%2Ftracker.pandacd.io%3A2710
Aavepyörä – Kotiin haltiakansan luo [2010] [Album],Aavepyörä,magnet:?xt=urn:btih:d65236ec7d800734434f261fcd94b0345196dd9a&dn=Aavepyora+-+Kotiin+haltiakansan+luo+(2010)+320&tr=udp%3A%2F%2Ftracker.pandacd.io%3A2710
Sadsic – [sic] [2008] [EP],Sadsic,magnet:?xt=urn:btih:e9507cdfe6434ad11435d60e383c98119ce34f91&dn=Sadsic+-+%5Bsic%5D&tr=udp%3A%2F%2Ftracker.pandacd.io%3A2710
Essue Dove and Sadsic – Somnolange! [2009] [Album],Essue Dove,magnet:?xt=urn:btih:f0e809b5d11c6fd8b25a4848b320e41c7a7d20b8&dn=Sadsic+%26+Essue+Dove+-+Somnolange!&tr=udp%3A%2F%2Ftracker.pandacd.io%3A2710
Andrew Judah – Albino Black Bear [2011] [Album],Andrew Judah,magnet:?xt=urn:btih:2fee6491e10ca9496aadad9c5af822d4e2778494&dn=Andrew+Judah+-+Albino+Black+Bear+(2011)+320&tr=udp%3A%2F%2Ftracker.pandacd.io%3A2710
Beats Antique with Brass Menazeri – Collide [2008] [Album],Beats Antique,magnet:?xt=urn:btih:5e12207716da90f8bd1db5f29b37cdb48a1b8133&dn=Beats+Antique+-+Collide+(2008)+320&tr=udp%3A%2F%2Ftracker.pandacd.io%3A2710
Spook the Horses – Brighter [2011] [Album],Spook the Horses,magnet:?xt=urn:btih:6fade89d794c79919c33ebae15159765d8875426&dn=Brighter+V0&tr=udp%3A%2F%2Ftracker.pandacd.io%3A2710
"Kimiko Ishizaka – J.S. Bach: The Art of the Fugue (Kunst der Fuge), BWV 1080 [2017] [Album]",Kimiko Ishizaka,magnet:?xt=urn:btih:325871830319b62f2a3a12c892ca842dca86ed17&dn=Kimiko+Ishizaka+-+J.S.+Bach-+The+Art+of+the+Fugue+(Kunst+der+Fuge)-+BWV+1080+(320)&tr=udp%3A%2F%2Ftracker.pandacd.io%3A2710
Chrome Sparks with Steffaloo – Still Sleeping [2011] [Single],Chrome Sparks,magnet:?xt=urn:btih:ca42b58e2e830030dfa1cf5436084340d10d4337&dn=Chrome+Sparks+-+Still+Sleeping+%2528Feat.+Steffaloo%2529.mp3&tr=udp%3A%2F%2Ftracker.pandacd.io%3A2710
Orison – Orison [2010] [Album],Orison,magnet:?xt=urn:btih:e37edc9dfc9ab94746b673bd8c5caf76b270ec07&dn=Orison+V0&tr=udp%3A%2F%2Ftracker.pandacd.io%3A2710
z0rg – Of Lyres & Chocolate [2011] [Album],z0rg,magnet:?xt=urn:btih:f3fec557f979c08050bff61fe3ff693623cc6fb4&dn=+z0rg+-+Of+Lyres+%26+Chocolate+(2011)+320&tr=udp%3A%2F%2Ftracker.pandacd.io%3A2710
Matt Stevens – Relic [2011] [Album],Matt Stevens,magnet:?xt=urn:btih:7197495675a52ceeebc7f91dfff5392383812d0b&dn=Matt+Stevens+-+Relic+(2011)+320&tr=udp%3A%2F%2Ftracker.pandacd.io%3A2710
"fnessnej – stay fresh, ey [2009] [Album]",fnessnej,magnet:?xt=urn:btih:a5d4451638e0e13f34ee455d22f51d0a3b77110b&dn=fnessnej+-+2008+-+stay+fresh%2C+ey+-+v0&tr=udp%3A%2F%2Ftracker.pandacd.io%3A2710
Somniaferum – Lost [2011] [Single],Somniaferum,magnet:?xt=urn:btih:09233d52e5d0450e53b697cf2f0115165a950bda&dn=Somniaferum+-+Lost+(2011)+320&tr=udp%3A%2F%2Ftracker.pandacd.io%3A2710
Queen Orlenes – Helicopters [2012] [EP],Queen Orlenes,magnet:?xt=urn:btih:4b1c1941f9f85c6ff686ad3972964130b9a0f0a8&dn=Queen+Orlenes+-+Helicopters+EP+(2012)+320&tr=udp%3A%2F%2Ftracker.pandacd.io%3A2710
Man & Ghost – Noir Hill [2011] [EP],Man & Ghost,magnet:?xt=urn:btih:2ecba12d49a17a8f2431134e13fb4ae6bd6cf2eb&dn=Man+%26+Ghost+-+Noir+Hill+(2011)+320&tr=udp%3A%2F%2Ftracker.pandacd.io%3A2710
Holmes with Anna Gottfries – Storm [2008] [EP],Holmes,magnet:?xt=urn:btih:da726260122d330879730b02e641d8bf4ba639bf&dn=Holmes+-+Storm+(2008)+320&tr=udp%3A%2F%2Ftracker.pandacd.io%3A2710
Aperion – Act of Hybris [2010] [Album],Aperion,magnet:?xt=urn:btih:2276840bf408347f2e74d182cef5abb9fb89c0cb&dn=Aperion+-+Act+Of+Hybris+-+2010+%5BV0%5D&tr=udp%3A%2F%2Ftracker.pandacd.io%3A2710
Aavepyörä – Elektro fluoro punx [2005] [Album],Aavepyörä,magnet:?xt=urn:btih:2afc5216587abd421cd58e7cc1100518b6e3039f&dn=Taika-Kim+-+Elektro+fluoro+punx+(2005)+320&tr=udp%3A%2F%2Ftracker.pandacd.io%3A2710
Administration Shock Him – 39:03 [2011] [Album],Administration Shock Him,magnet:?xt=urn:btih:329ac0b990dc9859aa0967c68f6f877b03bba809&dn=Administration+Shock+Him+-+39%E2%80%8B-%E2%80%8B03+(2011)+320&tr=udp%3A%2F%2Ftracker.pandacd.io%3A2710
Flesh Forest and The Elephant Only Zoo – Scream Dream [2011] [EP],Flesh Forest,magnet:?xt=urn:btih:915cf8f0fba15321aad3b23845e4ceae30a651b3&dn=Flesh+Forest+and+The+Elephant+Only+Zoo+-+Scream+Dream+(2011)+320&tr=udp%3A%2F%2Ftracker.pandacd.io%3A2710
Decks – Helix Street [2012] [EP],Decks,magnet:?xt=urn:btih:f7168de624c16032538b3bed1b5eca7c65f7b676&dn=Decks+-+Helix+Street+(2012)+320&tr=udp%3A%2F%2Ftracker.pandacd.io%3A2710
Oven Rake – 21 Years of Disappointment [2011] [Album],Oven Rake,magnet:?xt=urn:btih:31b436551cc28e338b56c88d315a6daa29f525d0&dn=Oven+Rake+-+21+Years+of+Disappointment+(2011)+V0&tr=udp%3A%2F%2Ftracker.pandacd.io%3A2710
Big Mean Sound Machine – Ouroboros [2011] [Album],Big Mean Sound Machine,magnet:?xt=urn:btih:728cfd6205afbb84ed5b4ffc61fea2432f7a86db&dn=Big+Mean+Sound+Machine+-+Ouroboros+(2011)+320&tr=udp%3A%2F%2Ftracker.pandacd.io%3A2710
Austin Basham – Little Foxes [2011] [EP],Austin Basham,magnet:?xt=urn:btih:7722aacc3a9de9f5a4209c65e6f1a62c83ccb435&dn=Austin+Basham+-+Little+Foxes+(2011)+320&tr=udp%3A%2F%2Ftracker.pandacd.io%3A2710
Casey LaLonde – Beware! [2008] [Album],Casey LaLonde,magnet:?xt=urn:btih:20847a39a8392b2be21a52321a3ceda406e8aab1&dn=Casey+LaLonde+-+Beware!+(2008)+-+320&tr=udp%3A%2F%2Ftracker.pandacd.io%3A2710
Great American Desert – Homes [2011] [Album],Great American Desert,magnet:?xt=urn:btih:f80f4af8775228559b1542d127f7651ea4d0987f&dn=South+of+Lincoln+-+Homes+(2011)+320&tr=udp%3A%2F%2Ftracker.pandacd.io%3A2710
Matt Stevens – Ghost [2010] [Album],Matt Stevens,magnet:?xt=urn:btih:304ad3201cfbad07a1c8f082b97829a638554851&dn=Matt+Stevens+-+Ghost+(2010)+320&tr=udp%3A%2F%2Ftracker.pandacd.io%3A2710
Judd Madden – Waterfall [2010] [Album],Judd Madden,magnet:?xt=urn:btih:80f73861d6ae8844e8e8a9020c2d79f8121c2d6b&dn=Judd+Madden+-+Waterfall+(2010)+320&tr=udp%3A%2F%2Ftracker.pandacd.io%3A2710
Ninetails – Rawdon Fever [2012] [Single],Ninetails,magnet:?xt=urn:btih:5520e39cda2cac45a857c36078a53428caf042fe&dn=Ninetails+-+Rawdon+Fever+(2012)+320&tr=udp%3A%2F%2Ftracker.pandacd.io%3A2710
Neff & Kenney – Allston Summer Rattland [2010] [Album],Neff & Kenney,magnet:?xt=urn:btih:2f0318acc8d2c3dcdfbb186de7c8bdddd70c1d64&dn=Allston+Summer+Rattland&tr=udp%3A%2F%2Ftracker.pandacd.io%3A2710
Customer – Soft Comedy [2010] [EP],Customer,magnet:?xt=urn:btih:c55e9d4b8adbd078e0451f447aad61a25e3c29ac&dn=Customer+-+Soft+Comedy+(2010)+320&tr=udp%3A%2F%2Ftracker.pandacd.io%3A2710
Sylvain the Librarian – Staff Only No Vikings [2009] [Album],Sylvain the Librarian,magnet:?xt=urn:btih:7ba1bcb7f7e6f0e9456ac8e793a60c56a7172f04&dn=Staff+Only+No+Vikings+LAME+V0&tr=udp%3A%2F%2Ftracker.pandacd.io%3A2710
Our Ceasing Voice – When The Headline Hit Home [2011] [Album],Our Ceasing Voice,magnet:?xt=urn:btih:8ba110494054dba80e72dc03f6e36f2ae48b201f&dn=Our+Ceasing+Voice+-+When+The+Headline+Hit+Home+320&tr=udp%3A%2F%2Ftracker.pandacd.io%3A2710
Kamas – Free [2012] [Album],Kamas,magnet:?xt=urn:btih:9d5a306a6faa2ce3ece9b3eac583f8e901ccb890&dn=Kamas+-+Free+(2012)+320&tr=udp%3A%2F%2Ftracker.pandacd.io%3A2710
Various Artists – Paradigms [2009] [Compilation],null,magnet:?xt=urn:btih:ca47cca8bb226ebaee5bb9232ba49ed996a75e31&dn=VA+Parastate+999+-+Paradigms+Mp3&tr=udp%3A%2F%2Ftracker.pandacd.io%3A2710
Wet Stallions – Wet Stallions II [2011] [Album],Wet Stallions,magnet:?xt=urn:btih:2c2748ddbf61101ec046f43408a75f485aaa2bb7&dn=Wet+Stallions+-+Wet+Stallions+II+(2011)+320&tr=udp%3A%2F%2Ftracker.pandacd.io%3A2710
Citizens Of The Empire – Citizens Of The Empire [2010] [Album],Citizens Of The Empire,magnet:?xt=urn:btih:725a6751634fc784eeeb2e106fdde3290523c370&dn=Citizens+Of+The+Empire+-+Citizens+Of+The+Empire+(2010)+320&tr=udp%3A%2F%2Ftracker.pandacd.io%3A2710
Nostalgic Story – Sorry And Goodnight [2010] [Album],Nostalgic Story,magnet:?xt=urn:btih:bc105e72ddf5025e77957024cb3ba173c917bc98&dn=Nostalgic+Story+-+Sorry+And+Goodnight+(2010)+320&tr=udp%3A%2F%2Ftracker.pandacd.io%3A2710
Giraffe Incognito – The Pursuit Continues [2009] [Album],Giraffe Incognito,magnet:?xt=urn:btih:9ae5adea071556e5398c37a66223bf752fe67b09&dn=Giraffe+Incognito+-+2009+-+The+Pursuit+Continues+(V0)&tr=udp%3A%2F%2Ftracker.pandacd.io%3A2710
Azoora and Graciellita – APART [2011] [EP],Azoora,magnet:?xt=urn:btih:abfc5532b68baac9d19fe7f75230a163e04790a9&dn=APART+(2011)+320&tr=udp%3A%2F%2Ftracker.pandacd.io%3A2710
Quiet Americans – Medicine [2011] [EP],Quiet Americans,magnet:?xt=urn:btih:101a0348dc4ceae9e52c3af1cea8e97b864734d7&dn=Quiet+Americans+-+Medicine+(2011)+320&tr=udp%3A%2F%2Ftracker.pandacd.io%3A2710
Fit and the Conniptions – Sweet Sister Starlight [2011] [Album],Fit and the Conniptions,magnet:?xt=urn:btih:c2f9a9f05e46f5992d5b79bc1caed39ed5f0a3a3&dn=Fit+and+the+Conniptions+-+Sweet+Sister+Starlight+(2011)+320&tr=udp%3A%2F%2Ftracker.pandacd.io%3A2710
The Bell Beat – The Carrot Chase [2007] [Album],The Bell Beat,magnet:?xt=urn:btih:dc21a37544ddb3e8599eba13ea7973027eb095ed&dn=The+Bell+Beat+-+The+Carrot+Chase+(2011)+320&tr=udp%3A%2F%2Ftracker.pandacd.io%3A2710
Slim The Pineapple – Kevakin 7 [2016] [Album],Slim The Pineapple,magnet:?xt=urn:btih:123bd6815d2b1826a454dde202657e67432b54eb&dn=Slim+The+Pineapple+-+Kevakin+7+(320)&tr=udp%3A%2F%2Ftracker.pandacd.io%3A2710
Chip's Challenge – Halfbit Hero [2011] [EP],Chip's Challenge,magnet:?xt=urn:btih:549392b2157d1f78d0cfc6d95c3bd3fb50be532c&dn=Chip's+Challenge+-+Halfbit+Hero+%5B320%5D&tr=udp%3A%2F%2Ftracker.pandacd.io%3A2710
EVA – Rear View [2017] [Album],EVA,magnet:?xt=urn:btih:2d9f5fb10e96e4d300f8d3b19ddbc3108b11579d&dn=EVA+-+Rear+View+(320)&tr=udp%3A%2F%2Ftracker.pandacd.io%3A2710
Palloc – A Mad But Perfect Plan [2010] [EP],Palloc,magnet:?xt=urn:btih:12d6d118a1a06dd5d72f6c6e3b0c2a5cdd5b31e5&dn=Palloc+-+A+mad+but+perfect+plan+(V0)&tr=udp%3A%2F%2Ftracker.pandacd.io%3A2710
Nick Perko – Brush Your Teeth With Me [2009] [EP],Nick Perko,magnet:?xt=urn:btih:ca64e03387044e9a77af825aaf220f8cc8052f2a&dn=Nick+Perko+-+2009+-+Brush+Your+Teeth+With+Me+V0&tr=udp%3A%2F%2Ftracker.pandacd.io%3A2710
Ethan Kennedy – Raucous [2009] [Album],Ethan Kennedy,magnet:?xt=urn:btih:44e1c2af52b770baf6f366566e5a2ed2a7162355&dn=Ethan+Kennedy+-+Raucous+%5B2009-MP3-V0(VBR)-Log%5D&tr=udp%3A%2F%2Ftracker.pandacd.io%3A2710
Hail Infinity – The Gyroscope [2009] [Album],Hail Infinity,magnet:?xt=urn:btih:6617a0a632cc6aa22e1ea4d6ee66253f17d24ad9&dn=the+Gyroscope&tr=udp%3A%2F%2Ftracker.pandacd.io%3A2710
Chalices of the Past – 2 RUDE [2010] [Album],Chalices of the Past,magnet:?xt=urn:btih:431eaf7e239949a05f5d19625ab7d62719528690&dn=Chalices+of+the+Past+-+2+RUDE+(320)+2012&tr=udp%3A%2F%2Ftracker.pandacd.io%3A2710
Nomia – Nomia [2008] [EP],Nomia,magnet:?xt=urn:btih:c18bacf5d32726e97f4ebb1fd7c67b73547eb370&dn=Nomia-2008-Nomia+EP+(V2)&tr=udp%3A%2F%2Ftracker.pandacd.io%3A2710
"hélas,whale – we left our chambers [2011] [Album]","hélas,whale",magnet:?xt=urn:btih:5f150d00b623814524c9d0e5eace091c1dadcb8f&dn=h%C3%A9las%2Cwhale+-+we+left+our+chambers+(2011)+320&tr=udp%3A%2F%2Ftracker.pandacd.io%3A2710
Addae Dans – Black And White Sunrise II [2011] [EP],Addae Dans,magnet:?xt=urn:btih:24b3839f14d3a84c6fcb7095d9431690efcc3a54&dn=Addae+Dans+-+Black+And+White+Sunrise+II+EP+%5Bpanda.cd+Exclusive%5D+MP3&tr=udp%3A%2F%2Ftracker.pandacd.io%3A2710
Paul Stewart – Permanence [2011] [EP],Paul Stewart,magnet:?xt=urn:btih:7e3de67e3c1336d6dba7a5e2789cd99f0febfe07&dn=Paul+Stewart+-+Permanence+(2011)+320&tr=udp%3A%2F%2Ftracker.pandacd.io%3A2710
Ektoise – Kiyomizu [2011] [Album],Ektoise,magnet:?xt=urn:btih:1dd0f0c01b702bf550fef17015db3b4788a60b7c&dn=Ektoise+-+Kiyomizu+(2011)+320&tr=udp%3A%2F%2Ftracker.pandacd.io%3A2710
ch4rl33 – Ghost [2011] [EP],ch4rl33,magnet:?xt=urn:btih:92dd90871745955e94ad51dacf1eb50d14cba9c2&dn=Charlee+-+Ghost+EP+(320)&tr=udp%3A%2F%2Ftracker.pandacd.io%3A2710
Ektoise – Down River [2012] [EP],Ektoise,magnet:?xt=urn:btih:7f83f0c87d3cb2d43ce1c9626a2e95ef07143f52&dn=Ektoise+-+Down+River+(2012)+320&tr=udp%3A%2F%2Ftracker.pandacd.io%3A2710
Aavepyörä – Goddess Guerrilla [2006] [Album],Aavepyörä,magnet:?xt=urn:btih:d4dfcb964d1fa9cf981052c37af4310084b2289a&dn=Aavepyora+-+Goddess+Guerrilla+(2006)+320&tr=udp%3A%2F%2Ftracker.pandacd.io%3A2710
Violent Sun – Self-Titled [2012] [Album],Violent Sun,magnet:?xt=urn:btih:12bb6498d8bab3e87fc27a3db01edaacadf932df&dn=Violent+Sun+-2012+-+MP3+%5B320%5D&tr=udp%3A%2F%2Ftracker.pandacd.io%3A2710
"Holmes – So Far, So So [2008] [Compilation]",Holmes,magnet:?xt=urn:btih:fd3aec813cf70001f3dde3c5394efe78b120d531&dn=Holmes+-+So+Far-+So+So+(2008)+320&tr=udp%3A%2F%2Ftracker.pandacd.io%3A2710
Judd Madden – Drown [2011] [Album],Judd Madden,magnet:?xt=urn:btih:f4741387ee9300e814005af128d4edbd9e255338&dn=Judd+Madden+-+Drown+(2011)+320&tr=udp%3A%2F%2Ftracker.pandacd.io%3A2710
Kontext – Sakura [2020] [Single],Kontext,magnet:?xt=urn:btih:f4efd10e41f9048d9ebcf7e112cfd39df5dbe6ab&dn=Kontext+-+Sakura+(320)&tr=udp%3A%2F%2Ftracker.pandacd.io%3A2710
dialect – hoover [2008] [EP],dialect,magnet:?xt=urn:btih:176fbeb9ead36a30825dd7d7b9bc7349f259b2c9&dn=dialect+-+hoover&tr=udp%3A%2F%2Ftracker.pandacd.io%3A2710
ch4rl33 – Emulsifying Sounds [2009] [Album],ch4rl33,magnet:?xt=urn:btih:a4dad9da8529af033729a3eb1042273167335454&dn=Emulsifying+Sounds+(V0)&tr=udp%3A%2F%2Ftracker.pandacd.io%3A2710
Sadsic – [spring of eternity] [2011] [EP],Sadsic,magnet:?xt=urn:btih:5aa035ec92758d3773c30df98dd2887c1b4315e4&dn=Sadsic+-+%5Bspring+of+eternity%5D+V0&tr=udp%3A%2F%2Ftracker.pandacd.io%3A2710
The Scrams – SCRAM1 [2009] [EP],The Scrams,magnet:?xt=urn:btih:234d4675f1c59430f023ccf442d01c6132cb97d3&dn=SCRAM1+v0&tr=udp%3A%2F%2Ftracker.pandacd.io%3A2710
Various Artists – Conception [2011] [Compilation],null,magnet:?xt=urn:btih:1266fde54a87e20fbacf6d0b04168160d7eadb8e&dn=Free+Floating+Music+-+Conception+(2011)+320&tr=udp%3A%2F%2Ftracker.pandacd.io%3A2710
Black Vortex – Submersed [2011] [EP],Black Vortex,magnet:?xt=urn:btih:48a73f55e90f4a1d071711e1fa5dda6a0b7ae093&dn=Black+Vortex+-+Submersed+(2011)+320&tr=udp%3A%2F%2Ftracker.pandacd.io%3A2710
Subsist – Purist [2011] [EP],Subsist,magnet:?xt=urn:btih:9bdbee8496013a5347b8a365af0ad42fb4716534&dn=Subsist+-+Purist+(2011)+320&tr=udp%3A%2F%2Ftracker.pandacd.io%3A2710
Monocure – In Love With Myself [2012] [Single],Monocure,magnet:?xt=urn:btih:92feb216832119442cf3917f062bf31390b73fe3&dn=Monocure+-+In+Love+With+Myself+(2012)+MP3+320&tr=udp%3A%2F%2Ftracker.pandacd.io%3A2710
Casey LaLonde – Hope Against Hope [2009] [Album],Casey LaLonde,magnet:?xt=urn:btih:9c351d272684623bcacc83a4ee33a4f06add8c2a&dn=Casey+LaLonde+-+Hope+against+Hope+(2009)+-+320&tr=udp%3A%2F%2Ftracker.pandacd.io%3A2710
Young Heel – LYD [2011] [Single],Young Heel,magnet:?xt=urn:btih:5f0478257b69f4b1e949a20abf452cb2108bbe02&dn=Young+Heel+-+LYD+(2011)+320&tr=udp%3A%2F%2Ftracker.pandacd.io%3A2710
The Flashbulb – Opus at the End of Everything [2012] [Album],The Flashbulb,magnet:?xt=urn:btih:83c10050c94472c9ef4056f4894ebe48e3593493&dn=The+Flashbulb+-+Opus+At+The+End+Of+Everything+%5B320%5D+%7B2012%7D&tr=udp%3A%2F%2Ftracker.pandacd.io%3A2710
Panda Dub – Shapes and Shadows [2017] [Album],Panda Dub,magnet:?xt=urn:btih:aad770275ec909e8e4e681db03028fb8d825a0f1&dn=Panda+Dub+-+Shapes+%26+Shadows+(320)&tr=udp%3A%2F%2Ftracker.pandacd.io%3A2710
Glorie – Glorie [2011] [Album],Glorie,magnet:?xt=urn:btih:6fba054ebe8cbbb3cd99959bac056bde47263f15&dn=Glorie+-+Glorie+(2011)+320&tr=udp%3A%2F%2Ftracker.pandacd.io%3A2710
Prektel – descent [2011] [Single],Prektel,magnet:?xt=urn:btih:a669aa52508f4410cf78c4bdef74700f85126c6d&dn=prektel+-+descent+(320K).mp3&tr=udp%3A%2F%2Ftracker.pandacd.io%3A2710
The Bell Beat – Our Manderley [2011] [Album],The Bell Beat,magnet:?xt=urn:btih:306db151d42bc573f5c12c45f9577f2e21a4b888&dn=The+Bell+Beat+-+Our+Manderley+(2011)+320&tr=udp%3A%2F%2Ftracker.pandacd.io%3A2710
Yohuna – Revery [2011] [EP],Yohuna,magnet:?xt=urn:btih:d2aef955a808817cebb635b54494d8bfdff7abc7&dn=Yohuna+-+Revery+%5BV0%5D&tr=udp%3A%2F%2Ftracker.pandacd.io%3A2710
Starpilot – Reveal [2011] [Album],Starpilot,magnet:?xt=urn:btih:7e83dff7c08ca50c5308dd7f0266203f4f50ba8a&dn=Starpilot+-+Reveal+(2011)+320&tr=udp%3A%2F%2Ftracker.pandacd.io%3A2710
Aavepyörä – Aarnimaa [2003] [Album],Aavepyörä,magnet:?xt=urn:btih:f87cd8d74984f0b1643c05fef96f7fd25617b500&dn=Aavepyora+-+Aarnimaa+(2003)+320&tr=udp%3A%2F%2Ftracker.pandacd.io%3A2710
Homestretch – Comatose [2010] [EP],Homestretch,magnet:?xt=urn:btih:f141bdbfc830a32728353fb12c4b16246c02f235&dn=Homestretch+-+Comatose+EP+(MP3)&tr=udp%3A%2F%2Ftracker.pandacd.io%3A2710
Sadsic – [souls of winter] [2011] [EP],Sadsic,magnet:?xt=urn:btih:dfdbb746d427ebc9da271532a631c29731399745&dn=Sadsic+-+%5Bsouls+of+winter%5D+V0&tr=udp%3A%2F%2Ftracker.pandacd.io%3A2710
Various Artists – Bizarroworld [2007] [Album],null,magnet:?xt=urn:btih:51fd825048af7680ed5f253048c0cb17e4974ec8&dn=Aavepyora+-+Bizarroworld+(2007)+320&tr=udp%3A%2F%2Ftracker.pandacd.io%3A2710
Nothing – Poshlost [2010] [Album],Nothing,magnet:?xt=urn:btih:7bd61d37cbab373b2ae89416716148f03ab5e411&dn=Nothing+-+Poshlost&tr=udp%3A%2F%2Ftracker.pandacd.io%3A2710
DEERPEOPLE – EXPLORGASM [2012] [EP],DEERPEOPLE,magnet:?xt=urn:btih:a1e2ac5db7b127705de07d8a6a335e90c9153634&dn=DEERPEOPLE+-+EXPLORGASM+(2012)+320&tr=udp%3A%2F%2Ftracker.pandacd.io%3A2710
Conveyor – Sun Ray [2011] [EP],Conveyor,magnet:?xt=urn:btih:759dfeebdad07120ffd5a221037b577363153ec2&dn=Conveyor+-+Sun+Ray+EP+(2011)+320&tr=udp%3A%2F%2Ftracker.pandacd.io%3A2710
Kikyo Maaka (真紅ききょ) with SeeU – Itami (いたみ) [2012] [Single],Kikyo Maaka (真紅ききょ),magnet:?xt=urn:btih:6c0f2d194429dd20ffe3aeb46ce38de762dd0647&dn=%5B2012.06.12%5D+Itami+%5B320%5D&tr=udp%3A%2F%2Ftracker.pandacd.io%3A2710
Saint Bernard – The Spirit of the Stairs [2011] [Album],Saint Bernard,magnet:?xt=urn:btih:f7ab332565af83f909332e47d6e1161252dd5810&dn=Saint+Bernard+-+The+Spirit+of+the+Stairs+(2011)+320&tr=udp%3A%2F%2Ftracker.pandacd.io%3A2710
Adore – Emotion [2009] [EP],Adore,magnet:?xt=urn:btih:1d50ad85f4cbaa0a706f581245198e1ce86384d9&dn=Adore+-+%5B2009%5D+Emotion+(EP)&tr=udp%3A%2F%2Ftracker.pandacd.io%3A2710
Luke Seymoup – MulderScully [2019] [Single],Luke Seymoup,magnet:?xt=urn:btih:ca7d0b38727bbbe9f6e75a743782d56f060058db&dn=Luke+Seymoup+-+MulderScully+(320)&tr=udp%3A%2F%2Ftracker.pandacd.io%3A2710
Sadsic – [stranger ways] [2009] [EP],Sadsic,magnet:?xt=urn:btih:93841878eaaf4d1de6bf4b184b8dabe0df2ec1ae&dn=Sadsic+-+%5Bstranger+ways%5D+V0&tr=udp%3A%2F%2Ftracker.pandacd.io%3A2710
My Enhanced Little Rhubarb – In Memory of Rupert Cloud [2011] [Album],My Enhanced Little Rhubarb,magnet:?xt=urn:btih:db841cb655beff9981b64318af080332a23422ed&dn=My+Enhanced+Little+Rhubarb+-+In+Memory+of+Rupert+Cloud+(2011)+320&tr=udp%3A%2F%2Ftracker.pandacd.io%3A2710
Spanish Prisoners – Downtown Chicagoland [2012] [Single],Spanish Prisoners,magnet:?xt=urn:btih:1b62de295df4d72376fba20ff28655f558e84bd1&dn=Spanish+Prisoners+-+Downtown+Chicagoland+single+(2012)+320+&tr=udp%3A%2F%2Ftracker.pandacd.io%3A2710
Sadsic – [son] [2010] [EP],Sadsic,magnet:?xt=urn:btih:9a0707e7cef9ace8ba042d2f8f072b2357b302b8&dn=Sadsic+-+%5Bson%5D+V0+44100&tr=udp%3A%2F%2Ftracker.pandacd.io%3A2710
Addae Dans – Lumen [2011] [EP],Addae Dans,magnet:?xt=urn:btih:f64ea181465ee6782e6a7c21893bb01634e5ee8c&dn=Addae+Dans+-+Lumen+EP+320&tr=udp%3A%2F%2Ftracker.pandacd.io%3A2710
Casey LaLonde – In June [2010] [EP],Casey LaLonde,magnet:?xt=urn:btih:f436f099f131e53464220c2ed944a78e37d95abd&dn=Casey+LaLonde+-+In+June+(2010)+-+320&tr=udp%3A%2F%2Ftracker.pandacd.io%3A2710
Oskoreien – Oskoreien [2011] [Album],Oskoreien,magnet:?xt=urn:btih:2aa49c69e983de6144f256e76f8698c90122ec8f&dn=Oskoreien+-+Oskoreien+(2011)+320&tr=udp%3A%2F%2Ftracker.pandacd.io%3A2710
Great American Desert – The Monsters/Bathroom Sessions [2011] [Album],Great American Desert,magnet:?xt=urn:btih:4e55ad31b99f8ea369d2601032b3a09083521aac&dn=South+of+Lincoln+-+The+Monsters%E2%80%8B_Bathroom+Sessions+(2011)+320&tr=udp%3A%2F%2Ftracker.pandacd.io%3A2710
Wet Stallions – Wet Stallions I [2010] [Album],Wet Stallions,magnet:?xt=urn:btih:294e4ebd00ea0862463cc2b9f21f21df38cb1346&dn=Wet+Stallions+-+Wet+Stallions+I+(2010)+320&tr=udp%3A%2F%2Ftracker.pandacd.io%3A2710
Midi Matilda – Red Light District [2012] [EP],Midi Matilda,magnet:?xt=urn:btih:0ab2f80497ef65561411ad921d35c4b4509e9ef0&dn=Midi+Matilda+-+Red+Light+District+(2012)+320&tr=udp%3A%2F%2Ftracker.pandacd.io%3A2710
Charts and Maps – Dead Horse [2011] [Album],Charts and Maps,magnet:?xt=urn:btih:aec0d725fd65da958f06dfcbd1135b0787765996&dn=Charts+and+Maps+-+Dead+Horse+(2011)+320&tr=udp%3A%2F%2Ftracker.pandacd.io%3A2710
Obstacles – Oscillate [2011] [EP],Obstacles,magnet:?xt=urn:btih:09fd0297d59dadbc448e927920de4a8d84b9eead&dn=Obstacles+-+Oscillate+(2011)+320&tr=udp%3A%2F%2Ftracker.pandacd.io%3A2710
Ices Ov – Memoria [2009] [EP],Ices Ov,magnet:?xt=urn:btih:32f547912b9f0ea28513f7c60c559b9c7169b506&dn=Ices+Ov+-+Memoria+(2009)+320&tr=udp%3A%2F%2Ftracker.pandacd.io%3A2710
seedmole – Hibernation [2012] [Live album],seedmole,magnet:?xt=urn:btih:1e098ec001c7278407beb0f1083fde15abe40174&dn=seedmole+-+hibernation+(2012)+v0&tr=udp%3A%2F%2Ftracker.pandacd.io%3A2710
Sadsic – Symbol [2012] [Album],Sadsic,magnet:?xt=urn:btih:584a2fcd36fa2ae346370cdee132bfe93fe9bf8a&dn=Sadsic+-+Symbol+(V0)&tr=udp%3A%2F%2Ftracker.pandacd.io%3A2710
King Imagine & Pankifared – Episodes (Concerto For Two Pianos & String Quartet) [2014] [Album],King Imagine & Pankifared,magnet:?xt=urn:btih:6cc92df1f831aec762438574a10cfc96308de25e&dn=King+Imagine+%26+Pankifared+-+Episodes+(Concerto+For+Two+Pianos+%26+String+Quartet)+(2014)+%5BMP3+320%5D&tr=udp%3A%2F%2Ftracker.pandacd.io%3A2710
NP – Sex_(VI) [2011] [Album],NP,magnet:?xt=urn:btih:12a6816e3e094c404c1798386576ef6dcc8b9371&dn=NP+-+Sex_(VI)+(2011)+V0&tr=udp%3A%2F%2Ftracker.pandacd.io%3A2710
Conelrad – Five Automatic Landings [2011] [EP],Conelrad,magnet:?xt=urn:btih:aca3744f9724fdfdaf15a9c2140eddb725c624b7&dn=conelrad+-+Five+Automatic+Landings+(2011)+%5BWEB+V0%5D&tr=udp%3A%2F%2Ftracker.pandacd.io%3A2710
Lambs – Lambs [2013] [Album],Lambs,magnet:?xt=urn:btih:fac23cefe7e614b4f164dc9f19e7ce6216620332&dn=Lambs+-+Lambs+(2013)+%5BMP3+320%5D&tr=udp%3A%2F%2Ftracker.pandacd.io%3A2710
Cullah – Killah Cullah [2008] [Album],Cullah,magnet:?xt=urn:btih:eb90a5fd76b00be94b8cb1c857f2ee876248cb64&dn=Cullah+-+Killah+Cullah+(2008)+-+320&tr=udp%3A%2F%2Ftracker.pandacd.io%3A2710
Cambrian Explosion – The Sun [2013] [EP],Cambrian Explosion,magnet:?xt=urn:btih:34bad9897173d654730fc63ea07e60402e6b42b5&dn=Cambrian+Explosion+-+The+Sun+EP+(2013)+%5BMP3+320%5D&tr=udp%3A%2F%2Ftracker.pandacd.io%3A2710
Seatraffic – Crimes [2012] [EP],Seatraffic,magnet:?xt=urn:btih:4b1b4ac6cd0ed6fbb11dc326735188c77b2df6c1&dn=Seatraffic+-+Crimes+7-inch+(320)&tr=udp%3A%2F%2Ftracker.pandacd.io%3A2710
Man & Ghost – Shoutalong [2012] [Single],Man & Ghost,magnet:?xt=urn:btih:24dff3ec43b29549e05b4450654475c0fe00a7e6&dn=Man+%26+Ghost+-+Shout+Along+(2012)+320&tr=udp%3A%2F%2Ftracker.pandacd.io%3A2710
Nostalgic Story – Simplicity If Nothing Else [2012] [Album],Nostalgic Story,magnet:?xt=urn:btih:e0c62fcfb240791b059e9f2a98057e143023c9cd&dn=Simplicity+If+Nothing+Else&tr=udp%3A%2F%2Ftracker.pandacd.io%3A2710
Big Mean Sound Machine – Warrior [2012] [Album],Big Mean Sound Machine,magnet:?xt=urn:btih:4cc4182893fd3a135258f2c6d69e6d3782f196c6&dn=Big+Mean+Sound+Machine+-+Warrior+(2012)+320&tr=udp%3A%2F%2Ftracker.pandacd.io%3A2710
Demon Cleaner – Blue Again [2014] [Album],Demon Cleaner,magnet:?xt=urn:btih:06e54a67909ed36ac4b4d251c20f6836e650c918&dn=Demon+Cleaner+-+Blue+Again+(2014)+%5BMP3+320%5D&tr=udp%3A%2F%2Ftracker.pandacd.io%3A2710
Broken Fences – Broken Fences [2012] [Album],Broken Fences,magnet:?xt=urn:btih:1939d2773ebb9965e429029fb93f2705d7d5e9a9&dn=Broken+Fences+-+Broken+Fences+(2012)+320&tr=udp%3A%2F%2Ftracker.pandacd.io%3A2710
Lee Rosevere – Asimov (music inspired by the writings of) [2012] [Album],Lee Rosevere,magnet:?xt=urn:btih:12ae2b8bf4412e49e03d8bfe98ad27fc98288ee1&dn=Lee+Rosevere+-+Asimov+(music+inspired+by+the+writings+of)+(2012)+V0&tr=udp%3A%2F%2Ftracker.pandacd.io%3A2710
adcBicycle – Malignant Cove [2015] [Album],adcBicycle,magnet:?xt=urn:btih:73514d745b98d0435d015a91a4ecf560c69fc4f2&dn=SCL162+MP3+320&tr=udp%3A%2F%2Ftracker.pandacd.io%3A2710
equalszee – =Z [2011] [Album],equalszee,magnet:?xt=urn:btih:c130b4336999e581f44035387945df9ad712cce2&dn=equalszee+-+%3DZ+(v0)&tr=udp%3A%2F%2Ftracker.pandacd.io%3A2710
"Helicalin – Everyting So Stoned, Everything Is Bad [2015] [EP]",Helicalin,magnet:?xt=urn:btih:ad01ad226b8eaf5549a39d937dded44bde338d2e&dn=Helicalin+-+Everyting+So+Stoned%2C+Everything+Is+Bad+(2015)+%5BMP3+320%5D&tr=udp%3A%2F%2Ftracker.pandacd.io%3A2710
Gavin Coetzee – Orange Forest [2011] [Album],Gavin Coetzee,magnet:?xt=urn:btih:77881040d6f449d071dc3531e7fb0dd67f18c941&dn=Gavin+Coetzee+(2011)+V0&tr=udp%3A%2F%2Ftracker.pandacd.io%3A2710
Elephant In The Room – S-C-I-E-N-C-E [2014] [EP],Elephant In The Room,magnet:?xt=urn:btih:340eb57930536b78be68485bcdcf3ec522690bd9&dn=Elephant+In+The+Room+-+S-C-I-E-N-C-E+(2014)+%5BMP3+320%5D&tr=udp%3A%2F%2Ftracker.pandacd.io%3A2710
seedmole – This Should [2012] [Album],seedmole,magnet:?xt=urn:btih:459874612688b03fe369fe97f637ffb153f2a021&dn=seedmole+-+this+should+(2012)+extended+v0&tr=udp%3A%2F%2Ftracker.pandacd.io%3A2710
Stories From The Lost – For Clouds [2012] [Album],Stories From The Lost,magnet:?xt=urn:btih:43842c17d674277b7d343674d331fcb1d47200c6&dn=Stories+From+The+Lost+-+For+Clouds+(2012)+320&tr=udp%3A%2F%2Ftracker.pandacd.io%3A2710
QQROACH – RIVER (Radio Edit) [2014] [Single],QQROACH,magnet:?xt=urn:btih:0fea80ce5cedba65283e3e5616d9167f12c1bda5&dn=River+(RADIO+EDIT).mp3&tr=udp%3A%2F%2Ftracker.pandacd.io%3A2710
The Jim Tablowski Experience – SHOULD WE MAKE IT XXXTRA CREAMY ?? [2015] [Album],The Jim Tablowski Experience,magnet:?xt=urn:btih:a2acdfda4a9da275f17bedbde2fb2f1b97bf2a34&dn=The+Jim+Tablowski+Experience+-+SHOULD+WE+MAKE+IT+XXXTRA+CREAMY+(2015)+%5BMP3+320%5D&tr=udp%3A%2F%2Ftracker.pandacd.io%3A2710
Commonplaces – A private sea [2011] [Album],Commonplaces,magnet:?xt=urn:btih:8ed2e212fa90d01b91c9f27ea75d0fd4665a213c&dn=Commonplaces+-+A+private+sea+(2011)+320&tr=udp%3A%2F%2Ftracker.pandacd.io%3A2710
Maharajah with Charl and H-sie – Good Hearted Woman [2012] [Album],Maharajah,magnet:?xt=urn:btih:cdceb58b04cd7bc285a5caeb6d8aa6ab97d92145&dn=Maharajah+-+Good+Hearted+Woman+(2012)+-+16-44.1+v0+web+rip&tr=udp%3A%2F%2Ftracker.pandacd.io%3A2710
Big Joe Daddy – 11:11 [2014] [Album],Big Joe Daddy,magnet:?xt=urn:btih:345699cc10bdb566307f5d48f82ea9eec7ad2416&dn=Big+Joe+Daddy+-+11-11+(2014)+%5BMP3+320%5D&tr=udp%3A%2F%2Ftracker.pandacd.io%3A2710
seedmole – Converzhe [2012] [Album],seedmole,magnet:?xt=urn:btih:9e35b0a81481a4acd56d32d693833227534280cc&dn=seedmole+-+converzhe+(2012)+v0&tr=udp%3A%2F%2Ftracker.pandacd.io%3A2710